title,date,publication,remove_tags,add_tags,source,notes
A Charge of Rape.,6 September 1890,Nepean Times,Hotels,hotel,high_impact_mappings,Corrected mapping to generic singular leaf
Local Jottings.,26 April 1890,Katoomba Times,Hotels,hotel,high_impact_mappings,Corrected mapping to generic singular leaf
News in Brief,9 October 1903,Mountaineer,Hotels,hotel,high_impact_mappings,Corrected mapping to generic singular leaf
Mountain Mixtures.,7 July 1893,Katoomba Times,Hotels,hotel,high_impact_mappings,Corrected mapping to generic singular leaf
Mountain Mixtures.,21 October 1892,Katoomba Times,Hotels,hotel,high_impact_mappings,Corrected mapping to generic singular leaf
Mountain Mixtures.,9 September 1892,Katoomba Times,Hotels,hotel,high_impact_mappings,Corrected mapping to generic singular leaf
Local Jottings.,19 July 1890,Katoomba Times,Hotels,hotel,high_impact_mappings,Corrected mapping to generic singular leaf
Girls Cricket Match at Katoomba.,26 April 1895,Mountaineer,Hotels,hotel,high_impact_mappings,Corrected mapping to generic singular leaf
The Rockley Game.,7 February 1896,Mountaineer,Hotels,hotel,high_impact_mappings,Corrected mapping to generic singular leaf
Mountain Mixtures.,4 December 1891,Katoomba Times,Hotels,hotel,high_impact_mappings,Corrected mapping to generic singular leaf
Megalong Matters.,5 June 1896,Mountaineer,Hotels,hotel,high_impact_mappings,Corrected mapping to generic singular leaf
Megalong Valley.,6 October 1893,Katoomba Times,Hotels,hotel,high_impact_mappings,Corrected mapping to generic singular leaf
Katoomba Police Court.,21 September 1894,Mountaineer,Hotels,hotel,high_impact_mappings,Corrected mapping to generic singular leaf
Granted,26 March 1892,Nepean Times,Hotels,hotel,high_impact_mappings,Corrected mapping to generic singular leaf
Mountain Mixtures.,22 January 1892,Katoomba Times,Hotels,hotel,high_impact_mappings,Corrected mapping to generic singular leaf
Mountain Mixtures.,23 June 1893,Katoomba Times,Hotels,hotel,high_impact_mappings,Corrected mapping to generic singular leaf
Katoomba.,4 August 1905,Lithgow Mercury,Hotels,hotel,high_impact_mappings,Corrected mapping to generic singular leaf
Local Jottings.,25 May 1889,Katoomba Times,Hotels,hotel,high_impact_mappings,Corrected mapping to generic singular leaf
Local Jottings.,21 September 1889,Katoomba Times,Hotels,hotel,high_impact_mappings,Corrected mapping to generic singular leaf
Mountain Mixtures.,20 November 1891,Katoomba Times,Hotels,hotel,high_impact_mappings,Corrected mapping to generic singular leaf
Mountain Mixtures.,29 April 1892,Katoomba Times,Hotels,hotel,high_impact_mappings,Corrected mapping to generic singular leaf
News in Brief.,1 September 1905,Mountaineer,Hotels,hotel,high_impact_mappings,Corrected mapping to generic singular leaf
Blue Mountains Railway Tourist Guide,1890s,,Hotels,hotel,high_impact_mappings,Corrected mapping to generic singular leaf
The Passing of a Mountaineer. Vale! Joseph Nimmo.,23 March 1917,Blue Mountain Echo,Hotels,hotel,high_impact_mappings,Corrected mapping to generic singular leaf
Death of Mrs. Nimmo,3 December 1926,Blue Mountain Echo,Hotels,hotel,high_impact_mappings,Corrected mapping to generic singular leaf
Mountain Mixtures.,4 May 1894,Katoomba Times,Hotels,hotel,high_impact_mappings,Corrected mapping to generic singular leaf
Lawson.,5 May 1894,Nepean Times,Hotels,hotel,high_impact_mappings,Corrected mapping to generic singular leaf
Katoomba Police Court.,1 December 1905,Mountaineer,Hotels,hotel,high_impact_mappings,Corrected mapping to generic singular leaf
A Public Meeting.,13 January 1905,Mountaineer,Hotels,hotel,high_impact_mappings,Corrected mapping to generic singular leaf
"St Joseph's New Church, Megalong",17 March 1905,Mountaineer,Hotels,hotel,high_impact_mappings,Corrected mapping to generic singular leaf
Town Talk.,26 August 1904,Blue Mountain Gazette,Hotels,hotel,high_impact_mappings,Corrected mapping to generic singular leaf
Megalong Notes.,21 March 1902,Mountaineer,Hotels,hotel,high_impact_mappings,Corrected mapping to generic singular leaf
Narrow Neck.,27 December 1901,Mountaineer,Hotels,hotel,high_impact_mappings,Corrected mapping to generic singular leaf
The Rockley Game.,18 March 1898,Mountaineer,Hotels,hotel,high_impact_mappings,Corrected mapping to generic singular leaf
The Inquest.,3 July 1896,Mountaineer,Hotels,hotel,high_impact_mappings,Corrected mapping to generic singular leaf
Notice of Application for a Publican's Licence,19 June 1896,Mountaineer,Hotels,hotel,high_impact_mappings,Corrected mapping to generic singular leaf
Katoomba Police Court,13 December 1895,Mountaineer,Hotels,hotel,high_impact_mappings,Corrected mapping to generic singular leaf
Advertising,8 February 1895,Mountaineer,Hotels,hotel,high_impact_mappings,Corrected mapping to generic singular leaf
Mountain Mixtures,14 July 1893,Katoomba Times,Hotels,hotel,high_impact_mappings,Corrected mapping to generic singular leaf
Licensing.,7 July 1893,Katoomba Times,Hotels,hotel,high_impact_mappings,Corrected mapping to generic singular leaf
Local and General,8 July 1893,Nepean Times,Hotels,hotel,high_impact_mappings,Corrected mapping to generic singular leaf
Katoomba Court.,16 June 1893,Katoomba Times,Hotels,hotel,high_impact_mappings,Corrected mapping to generic singular leaf
Mountain Mixtures.,2 June 1893,Katoomba Times,Hotels,hotel,high_impact_mappings,Corrected mapping to generic singular leaf
Mountain Mixtures.,2 December 1892,Katoomba Times,Hotels,hotel,high_impact_mappings,Corrected mapping to generic singular leaf
Mountain Mixtures.,18 November 1892,Katoomba Times,Hotels,hotel,high_impact_mappings,Corrected mapping to generic singular leaf
Licensing.,1 October 1892,Nepean Times,Hotels,hotel,high_impact_mappings,Corrected mapping to generic singular leaf
Mountain Mixtures.,11 March 1892,Katoomba Times,Hotels,hotel,high_impact_mappings,Corrected mapping to generic singular leaf
Testimonial to a Mine Manager.,9 August 1890,Katoomba Times,Hotels,hotel,high_impact_mappings,Corrected mapping to generic singular leaf
Katoomba Municipal Elections.,5 July 1890,Katoomba Times,Hotels,hotel,high_impact_mappings,Corrected mapping to generic singular leaf
Katoomba.,7 January 1888,Nepean Times,Hotels,hotel,high_impact_mappings,Corrected mapping to generic singular leaf
Katoomba.,29 September 1888,Nepean Times,Hotels,hotel,high_impact_mappings,Corrected mapping to generic singular leaf
Katoomba Athletic Sports.,12 December 1885,Nepean Times,Hotels,hotel,high_impact_mappings,Corrected mapping to generic singular leaf
Advertising,20 November 1885,Sydney Morning Herald,Hotels,hotel,high_impact_mappings,Corrected mapping to generic singular leaf
"Opening of the Gladstone Coal-Mine, Katoomba.",13 July 1885,Sydney Morning Herald,Hotels,hotel,high_impact_mappings,Corrected mapping to generic singular leaf
Katoomba Court.,17 March 1893,Katoomba Times,Hotels,hotel,high_impact_mappings,Corrected mapping to generic singular leaf
Katoomba.,14 July 1888,Nepean Times,Hotels,hotel,high_impact_mappings,Corrected mapping to generic singular leaf
Katoomba.,21 April 1903,Lithgow Mercury,Hotels,hotel,high_impact_mappings,Corrected mapping to generic singular leaf
Katoomba.,19 December 1885,Nepean Times,Hotels,hotel,high_impact_mappings,Corrected mapping to generic singular leaf
Megalong Valley.,27 October 1893,Katoomba Times,Hotels,hotel,high_impact_mappings,Corrected mapping to generic singular leaf
Katoomba.,24 February 1883,Nepean Times,Hotels,hotel,high_impact_mappings,Corrected mapping to generic singular leaf
Notice of Application for a Conditional Publican's Licence,9 June 1893,Katoomba Times,Hotels,hotel,high_impact_mappings,Corrected mapping to generic singular leaf
The Megalong Hotel,21 September 1894,Mountaineer,Hotels,hotel,high_impact_mappings,Corrected mapping to generic singular leaf
Town Talk.,13 May 1904,Blue Mountain Gazette,Death,death,high_impact_mappings,Corrected mapping to generic singular leaf
Local Jottings.,19 July 1890,Katoomba Times,Death,death,high_impact_mappings,Corrected mapping to generic singular leaf
Moutains Mixtures.,17 November 1893,Katoomba Times,Death,death,high_impact_mappings,Corrected mapping to generic singular leaf
Mountain Mixtures.,4 December 1891,Katoomba Times,Death,death,high_impact_mappings,Corrected mapping to generic singular leaf
Hartley Vale.,13 February 1911,Lithgow Mercury,Death,death,high_impact_mappings,Corrected mapping to generic singular leaf
Local Jottings.,25 May 1889,Katoomba Times,Death,death,high_impact_mappings,Corrected mapping to generic singular leaf
Mountain Mixtures.,20 November 1891,Katoomba Times,Death,death,high_impact_mappings,Corrected mapping to generic singular leaf
Mountain Mixtures.,29 April 1892,Katoomba Times,Death,death,high_impact_mappings,Corrected mapping to generic singular leaf
The Passing of a Mountaineer. Vale! Joseph Nimmo.,23 March 1917,Blue Mountain Echo,Death,death,high_impact_mappings,Corrected mapping to generic singular leaf
Death of Mrs. Nimmo,3 December 1926,Blue Mountain Echo,Death,death,high_impact_mappings,Corrected mapping to generic singular leaf
Lawson.,5 May 1894,Nepean Times,Death,death,high_impact_mappings,Corrected mapping to generic singular leaf
"Eaton, Elizabeth Ann.",29 April 1948,Sydney Morning Herald,Death,death,high_impact_mappings,Corrected mapping to generic singular leaf
Return Thanks,18 June 1954,Southern Mail,Death,death,high_impact_mappings,Corrected mapping to generic singular leaf
Kembla Disaster Survivor: Death of Mr. J. J. Meredith,25 November 1940,Lithgow Mercury,Death,death,high_impact_mappings,Corrected mapping to generic singular leaf
"Deaths, Eaton",29 April 1948,Sydney Morning Herald,Death,death,high_impact_mappings,Corrected mapping to generic singular leaf
Funerals,9 November 1937,Newcastle Morning Herald and Miners' Advocate,Death,death,high_impact_mappings,Corrected mapping to generic singular leaf
Funerals. Eaton.,22 August 1939,Sydney Morning Herald,Death,death,high_impact_mappings,Corrected mapping to generic singular leaf
Funeral Notice,2 August 1934,Katoomba Daily,Death,death,high_impact_mappings,Corrected mapping to generic singular leaf
Mrs. G. Battram.,24 April 1936,Newcastle Morning Herald and Miners' Advocate,Death,death,high_impact_mappings,Corrected mapping to generic singular leaf
Alfred Jones,22 May 1936,Dungog Chronicle,Death,death,high_impact_mappings,Corrected mapping to generic singular leaf
Obituary.,2 April 1937,South Coast Times and Wollongong Argus,Death,death,high_impact_mappings,Corrected mapping to generic singular leaf
Colliery Fatality. The Death of Mr. W. Meredith,23 November 1926,Toowoomba Chronicle and Darling Downs Gazette,Death,death,high_impact_mappings,Corrected mapping to generic singular leaf
Holmesville,13 August 1924,Newcastle Morning Herald and Miners' Advocate,Death,death,high_impact_mappings,Corrected mapping to generic singular leaf
Meredith,9 September 1920,Daily Telegraph,Death,death,high_impact_mappings,Corrected mapping to generic singular leaf
District Casualities.,27 August 1918,Newcastle Morning Herald and Miners' Advocate,Death,death,high_impact_mappings,Corrected mapping to generic singular leaf
Roll of Honor.,3 August 1917,South Coast Times and Wollongong Argus,Death,death,high_impact_mappings,Corrected mapping to generic singular leaf
"Deserting Wives and Families, Service, etc.",27 October 1915,New South Wales Police Gazette and Weekly Record of Crime,Death,death,high_impact_mappings,Corrected mapping to generic singular leaf
Death of Major Gordon,5 May 1915,North Western Courier,Death,death,high_impact_mappings,Corrected mapping to generic singular leaf
The Late Major Gordon,6 October 1915,North Western Courier,Death,death,high_impact_mappings,Corrected mapping to generic singular leaf
Scarborough.,21 February 1911,Illawarra Mercury,Death,death,high_impact_mappings,Corrected mapping to generic singular leaf
West Wallsend.,10 October 1911,Newcastle Morning Herald and Miners' Advocate,Death,death,high_impact_mappings,Corrected mapping to generic singular leaf
Death of Mrs Waudby.,7 May 1910,Blue Mountain Echo,Death,death,high_impact_mappings,Corrected mapping to generic singular leaf
South Clifton Fatality,31 May 1910,Illawarra Mercury,Death,death,high_impact_mappings,Corrected mapping to generic singular leaf
"Births, Marriages, and Deaths.",15 December 1905,Australian Star,Death,death,high_impact_mappings,Corrected mapping to generic singular leaf
Obituary.,15 September 1904,Great Southern Advocate,Death,death,high_impact_mappings,Corrected mapping to generic singular leaf
Town Talk.,22 Jul 1904,Blue Mountain Gazette,Death,death,high_impact_mappings,Corrected mapping to generic singular leaf
In the Intestate of Jane Ann Austin,3 April 1903,Mountaineer,Death,death,high_impact_mappings,Corrected mapping to generic singular leaf
LOST IN A SHALE MINE.,15 April 1903,Evening News,Death,death,high_impact_mappings,Corrected mapping to generic singular leaf
The Muont (sic) Kembla Disaster.,8 August 1902,Mountaineer,Death,death,high_impact_mappings,Corrected mapping to generic singular leaf
The Inquest,13 July 1900,Mountaineer,Death,death,high_impact_mappings,Corrected mapping to generic singular leaf
Katoomba.,9 July 1901,Lithgow Mercury,Death,death,high_impact_mappings,Corrected mapping to generic singular leaf
Funerals.,18 September 1900,Newcastle Morning Herald and Miners' Advocate,Death,death,high_impact_mappings,Corrected mapping to generic singular leaf
Death of Canon Kemmis.,25 March 1897,Sydney Morning Herald,Death,death,high_impact_mappings,Corrected mapping to generic singular leaf
The Inquest.,3 July 1896,Mountaineer,Death,death,high_impact_mappings,Corrected mapping to generic singular leaf
Katoomba Coal and Shale Mines.,7 June 1895,Mountaineer,Death,death,high_impact_mappings,Corrected mapping to generic singular leaf
Katoomba Court.,16 June 1893,Katoomba Times,Death,death,high_impact_mappings,Corrected mapping to generic singular leaf
Mountain Mixtures.,5 May 1893,Katoomba Times,Death,death,high_impact_mappings,Corrected mapping to generic singular leaf
Mountain Mixtures.,2 June 1893,Katoomba Times,Death,death,high_impact_mappings,Corrected mapping to generic singular leaf
Found dead.,28 January 1893,Nepean Times,Death,death,high_impact_mappings,Corrected mapping to generic singular leaf
Mountain Mixtures.,18 November 1892,Katoomba Times,Death,death,high_impact_mappings,Corrected mapping to generic singular leaf
Katoomba.,28 January 1888,Nepean Times,Death,death,high_impact_mappings,Corrected mapping to generic singular leaf
Death of Mr. J. C. Brydon.,4 October 1886,Newcastle Morning Herald and Miners' Advocate,Death,death,high_impact_mappings,Corrected mapping to generic singular leaf
Katoomba.,24 February 1883,Nepean Times,Death,death,high_impact_mappings,Corrected mapping to generic singular leaf
NARROW ESCAPE OF SHALE STACK.,6 January 1905,Daily Telegraph,Weather,weather,high_impact_mappings,Corrected mapping to generic singular leaf
Katoomba Items.,28 April 1899,Lithgow Mercury,Weather,weather,high_impact_mappings,Corrected mapping to generic singular leaf
Local Jottings.,26 April 1890,Katoomba Times,Weather,weather,high_impact_mappings,Corrected mapping to generic singular leaf
Mountain Mixtures.,7 July 1893,Katoomba Times,Weather,weather,high_impact_mappings,Corrected mapping to generic singular leaf
Mountain Mixtures.,9 September 1892,Katoomba Times,Weather,weather,high_impact_mappings,Corrected mapping to generic singular leaf
Jottings.,23 May 1891,Katoomba Times,Weather,weather,high_impact_mappings,Corrected mapping to generic singular leaf
Local Jottings.,19 July 1890,Katoomba Times,Weather,weather,high_impact_mappings,Corrected mapping to generic singular leaf
Town Talk.,13 March 1903,Blue Mountain Gazette,Weather,weather,high_impact_mappings,Corrected mapping to generic singular leaf
Moutains Mixtures.,17 November 1893,Katoomba Times,Weather,weather,high_impact_mappings,Corrected mapping to generic singular leaf
Mountain Mixtures.,23 March 1894,Katoomba Times,Weather,weather,high_impact_mappings,Corrected mapping to generic singular leaf
Mountain Mixtures.,4 December 1891,Katoomba Times,Weather,weather,high_impact_mappings,Corrected mapping to generic singular leaf
Hartley Vale.,13 February 1911,Lithgow Mercury,Weather,weather,high_impact_mappings,Corrected mapping to generic singular leaf
Megalong Valley.,6 October 1893,Katoomba Times,Weather,weather,high_impact_mappings,Corrected mapping to generic singular leaf
Mountain Mixtures.,22 January 1892,Katoomba Times,Weather,weather,high_impact_mappings,Corrected mapping to generic singular leaf
Mountain Mixtures.,16 June 1893,Katoomba Times,Weather,weather,high_impact_mappings,Corrected mapping to generic singular leaf
Town Talk.,30 October 1903,Blue Mountain Gazette,Weather,weather,high_impact_mappings,Corrected mapping to generic singular leaf
Local Jottings.,25 May 1889,Katoomba Times,Weather,weather,high_impact_mappings,Corrected mapping to generic singular leaf
Local Jottings.,21 September 1889,Katoomba Times,Weather,weather,high_impact_mappings,Corrected mapping to generic singular leaf
Mountain Mixtures.,20 November 1891,Katoomba Times,Weather,weather,high_impact_mappings,Corrected mapping to generic singular leaf
Mountain Mixtures.,29 April 1892,Katoomba Times,Weather,weather,high_impact_mappings,Corrected mapping to generic singular leaf
News in Brief.,1 September 1905,Mountaineer,Weather,weather,high_impact_mappings,Corrected mapping to generic singular leaf
Mountain Mixtures.,4 May 1894,Katoomba Times,Weather,weather,high_impact_mappings,Corrected mapping to generic singular leaf
Brevities.,29 September 1916,Lithgow Mercury,Weather,weather,high_impact_mappings,Corrected mapping to generic singular leaf
Katoomba.,19 January 1906,Lithgow Mercury,Weather,weather,high_impact_mappings,Corrected mapping to generic singular leaf
Local and General,7 July 1905,Mountaineer,Weather,weather,high_impact_mappings,Corrected mapping to generic singular leaf
Town Talk.,22 Jul 1904,Blue Mountain Gazette,Weather,weather,high_impact_mappings,Corrected mapping to generic singular leaf
Football.,22 April 1904,Blue Mountain Gazette,Weather,weather,high_impact_mappings,Corrected mapping to generic singular leaf
Town Talk.,2 October 1903,Blue Mountain Gazette,Weather,weather,high_impact_mappings,Corrected mapping to generic singular leaf
Megalong Notes.,21 March 1902,Mountaineer,Weather,weather,high_impact_mappings,Corrected mapping to generic singular leaf
Mountain Mixtures.,29 December 1893,Katoomba Times,Weather,weather,high_impact_mappings,Corrected mapping to generic singular leaf
At Katoomba,10 November 1893,Katoomba Times,Weather,weather,high_impact_mappings,Corrected mapping to generic singular leaf
Mountain Mixtures.,2 June 1893,Katoomba Times,Weather,weather,high_impact_mappings,Corrected mapping to generic singular leaf
"Katoomba, Sunday.",17 April 1893,Sydney Morning Herald,Weather,weather,high_impact_mappings,Corrected mapping to generic singular leaf
Mountain Mixtures.,10 February 1893,Katoomba Times,Weather,weather,high_impact_mappings,Corrected mapping to generic singular leaf
Mountain Mixtures.,2 December 1892,Katoomba Times,Weather,weather,high_impact_mappings,Corrected mapping to generic singular leaf
Mountain Mixtures.,18 November 1892,Katoomba Times,Weather,weather,high_impact_mappings,Corrected mapping to generic singular leaf
Mountain Mixtures.,11 March 1892,Katoomba Times,Weather,weather,high_impact_mappings,Corrected mapping to generic singular leaf
Katoomba Municipal Elections.,5 July 1890,Katoomba Times,Weather,weather,high_impact_mappings,Corrected mapping to generic singular leaf
Katoomba.,7 January 1888,Nepean Times,Weather,weather,high_impact_mappings,Corrected mapping to generic singular leaf
Katoomba.,29 September 1888,Nepean Times,Weather,weather,high_impact_mappings,Corrected mapping to generic singular leaf
Katoomba News.,29 June 1895,Nepean Times,Weather,weather,high_impact_mappings,Corrected mapping to generic singular leaf
Megalong Matters.,9 September 1892,Katoomba Times,Weather,weather,high_impact_mappings,Corrected mapping to generic singular leaf
Katoomba.,8 July 1908,Lithgow Mercury,Weather,weather,high_impact_mappings,Corrected mapping to generic singular leaf
Katoomba.,1 August 1905,Lithgow Mercury,Weather,weather,high_impact_mappings,Corrected mapping to generic singular leaf
Katoomba. Mine Operations Suspended.,27 May 1904,Lithgow Mercury,Weather,weather,high_impact_mappings,Corrected mapping to generic singular leaf
Katoomba.,14 July 1888,Nepean Times,Weather,weather,high_impact_mappings,Corrected mapping to generic singular leaf
Katoomba.,21 April 1903,Lithgow Mercury,Weather,weather,high_impact_mappings,Corrected mapping to generic singular leaf
Katoomba.,19 December 1885,Nepean Times,Weather,weather,high_impact_mappings,Corrected mapping to generic singular leaf
Megalong Matters.,10 January 1896,Mountaineer,Weather,weather,high_impact_mappings,Corrected mapping to generic singular leaf
NARROW ESCAPE OF SHALE STACK.,6 January 1905,Daily Telegraph,Shale mines,shale mine,high_impact_mappings,Corrected mapping to generic singular leaf
Katoomba Items.,28 April 1899,Lithgow Mercury,Shale mines,shale mine,high_impact_mappings,Corrected mapping to generic singular leaf
Mountain Mixtures.,4 December 1891,Katoomba Times,Shale mines,shale mine,high_impact_mappings,Corrected mapping to generic singular leaf
Mountain Mixtures.,22 January 1892,Katoomba Times,Shale mines,shale mine,high_impact_mappings,Corrected mapping to generic singular leaf
Katoomba.,4 August 1905,Lithgow Mercury,Shale mines,shale mine,high_impact_mappings,Corrected mapping to generic singular leaf
Mountain Mixtures.,16 June 1893,Katoomba Times,Shale mines,shale mine,high_impact_mappings,Corrected mapping to generic singular leaf
Town Talk.,30 October 1903,Blue Mountain Gazette,Shale mines,shale mine,high_impact_mappings,Corrected mapping to generic singular leaf
Local Jottings.,25 May 1889,Katoomba Times,Shale mines,shale mine,high_impact_mappings,Corrected mapping to generic singular leaf
Local Jottings.,21 September 1889,Katoomba Times,Shale mines,shale mine,high_impact_mappings,Corrected mapping to generic singular leaf
Mountain Mixtures.,29 April 1892,Katoomba Times,Shale mines,shale mine,high_impact_mappings,Corrected mapping to generic singular leaf
A.K.O. & M. Co.'s Meeting.,27 December 1901,Lithgow Mercury,Shale mines,shale mine,high_impact_mappings,Corrected mapping to generic singular leaf
Kembla Disaster Survivor: Death of Mr. J. J. Meredith,25 November 1940,Lithgow Mercury,Shale mines,shale mine,high_impact_mappings,Corrected mapping to generic singular leaf
John Britty North.,6 March 1909,Blue Mountain Echo,Shale mines,shale mine,high_impact_mappings,Corrected mapping to generic singular leaf
[untitled],22 January 1906,Evening News,Shale mines,shale mine,high_impact_mappings,Corrected mapping to generic singular leaf
MINER INJURED AT KATOOMBA.,31 July 1905,Daily Telegraph,Shale mines,shale mine,high_impact_mappings,Corrected mapping to generic singular leaf
Town Talk.,26 August 1904,Blue Mountain Gazette,Shale mines,shale mine,high_impact_mappings,Corrected mapping to generic singular leaf
The Katoomba Mines.,24 November 1903,Lithgow Mercury,Shale mines,shale mine,high_impact_mappings,Corrected mapping to generic singular leaf
Town Talk.,2 October 1903,Blue Mountain Gazette,Shale mines,shale mine,high_impact_mappings,Corrected mapping to generic singular leaf
Work at the Mines.,17 April 1903,Blue Mountain Gazette,Shale mines,shale mine,high_impact_mappings,Corrected mapping to generic singular leaf
Mountain Industries.,7 April 1903,Evening News,Shale mines,shale mine,high_impact_mappings,Corrected mapping to generic singular leaf
LOST IN A SHALE MINE.,15 April 1903,Evening News,Shale mines,shale mine,high_impact_mappings,Corrected mapping to generic singular leaf
Our Coal and Shale Mines.,9 January 1903,Blue Mountain Gazette,Shale mines,shale mine,high_impact_mappings,Corrected mapping to generic singular leaf
The Katoomba Shale Mine.,6 January 1903,Lithgow Mercury,Shale mines,shale mine,high_impact_mappings,Corrected mapping to generic singular leaf
Katoomba South Mines.,9 December 1902,Lithgow Mercury,Shale mines,shale mine,high_impact_mappings,Corrected mapping to generic singular leaf
Katoomba Shale Mine. Work To Be Resumed.,2 December 1902,Lithgow Mercury,Shale mines,shale mine,high_impact_mappings,Corrected mapping to generic singular leaf
Mining.,15 June 1897,Evening News,Shale mines,shale mine,high_impact_mappings,Corrected mapping to generic singular leaf
Current Events.,29 March 1897,Newcastle Morning Herald and Miners' Advocate,Shale mines,shale mine,high_impact_mappings,Corrected mapping to generic singular leaf
Current Events.,26 October 1896,Newcastle Morning Herald and Miners' Advocate,Shale mines,shale mine,high_impact_mappings,Corrected mapping to generic singular leaf
Mining.,19 September 1896,Newcastle Morning Herald and Miners' Advocate,Shale mines,shale mine,high_impact_mappings,Corrected mapping to generic singular leaf
Mining.,25 August 1896,Evening News,Shale mines,shale mine,high_impact_mappings,Corrected mapping to generic singular leaf
Mining.,19 May 1896,Evening News,Shale mines,shale mine,high_impact_mappings,Corrected mapping to generic singular leaf
The Gold Fields.,21 April 1896,Evening News,Shale mines,shale mine,high_impact_mappings,Corrected mapping to generic singular leaf
Katoomba Coal and Shale Mines.,7 June 1895,Mountaineer,Shale mines,shale mine,high_impact_mappings,Corrected mapping to generic singular leaf
The Megalong Shale Mines.,21 December 1893,National Advocate,Shale mines,shale mine,high_impact_mappings,Corrected mapping to generic singular leaf
Mountain Mixtures.,3 November 1893,Katoomba Times,Shale mines,shale mine,high_impact_mappings,Corrected mapping to generic singular leaf
Mountain Mixtures.,10 February 1893,Katoomba Times,Shale mines,shale mine,high_impact_mappings,Corrected mapping to generic singular leaf
Mountain Mixtures.,16 September 1892,Katoomba Times,Shale mines,shale mine,high_impact_mappings,Corrected mapping to generic singular leaf
End of the Katoomba Strike.,11 July 1892,Sydney Morning Herald,Shale mines,shale mine,high_impact_mappings,Corrected mapping to generic singular leaf
Local and General.,7 July 1892,Bathurst  Free Press and Mining Journal,Shale mines,shale mine,high_impact_mappings,Corrected mapping to generic singular leaf
Mountain Mixtures.,11 March 1892,Katoomba Times,Shale mines,shale mine,high_impact_mappings,Corrected mapping to generic singular leaf
Shale Miners.,19 September 1891,Daily Telegraph,Shale mines,shale mine,high_impact_mappings,Corrected mapping to generic singular leaf
Local News.,6 September 1890,Nepean Times,Shale mines,shale mine,high_impact_mappings,Corrected mapping to generic singular leaf
Rich Mineral Deposits.,29 October 1889,Australian Star,Shale mines,shale mine,high_impact_mappings,Corrected mapping to generic singular leaf
Katoomba.,7 January 1888,Nepean Times,Shale mines,shale mine,high_impact_mappings,Corrected mapping to generic singular leaf
Katoomba.,29 September 1888,Nepean Times,Shale mines,shale mine,high_impact_mappings,Corrected mapping to generic singular leaf
Great Wentworth Falls Coal and Shale Mining Company.,31 August 1885,Evening News,Shale mines,shale mine,high_impact_mappings,Corrected mapping to generic singular leaf
Katoomba.,8 July 1908,Lithgow Mercury,Shale mines,shale mine,high_impact_mappings,Corrected mapping to generic singular leaf
Megalong Valley.,27 October 1893,Katoomba Times,Shale mines,shale mine,high_impact_mappings,Corrected mapping to generic singular leaf
Local Jottings.,26 April 1890,Katoomba Times,Recreation for miners,recreation for miners,high_impact_mappings,Corrected mapping to generic singular leaf
News in Brief,9 October 1903,Mountaineer,Recreation for miners,recreation for miners,high_impact_mappings,Corrected mapping to generic singular leaf
Mountain Mixtures.,7 July 1893,Katoomba Times,Recreation for miners,recreation for miners,high_impact_mappings,Corrected mapping to generic singular leaf
Mountain Mixtures.,21 October 1892,Katoomba Times,Recreation for miners,recreation for miners,high_impact_mappings,Corrected mapping to generic singular leaf
Megalong Matters.,5 August 1892,Katoomba Times,Recreation for miners,recreation for miners,high_impact_mappings,Corrected mapping to generic singular leaf
Megalong Matters.,26 August 1892,Katoomba Times,Recreation for miners,recreation for miners,high_impact_mappings,Corrected mapping to generic singular leaf
Town Talk.,13 May 1904,Blue Mountain Gazette,Recreation for miners,recreation for miners,high_impact_mappings,Corrected mapping to generic singular leaf
Mountain Mixtures.,9 September 1892,Katoomba Times,Recreation for miners,recreation for miners,high_impact_mappings,Corrected mapping to generic singular leaf
Jottings.,23 May 1891,Katoomba Times,Recreation for miners,recreation for miners,high_impact_mappings,Corrected mapping to generic singular leaf
Local Jottings.,19 July 1890,Katoomba Times,Recreation for miners,recreation for miners,high_impact_mappings,Corrected mapping to generic singular leaf
Social at Hartley Vale.,23 September 1898,Lithgow Mercury,Recreation for miners,recreation for miners,high_impact_mappings,Corrected mapping to generic singular leaf
Town Talk.,13 March 1903,Blue Mountain Gazette,Recreation for miners,recreation for miners,high_impact_mappings,Corrected mapping to generic singular leaf
The Target.,5 October 1898,National Advocate,Recreation for miners,recreation for miners,high_impact_mappings,Corrected mapping to generic singular leaf
Moutains Mixtures.,17 November 1893,Katoomba Times,Recreation for miners,recreation for miners,high_impact_mappings,Corrected mapping to generic singular leaf
Mountain Mixtures.,23 March 1894,Katoomba Times,Recreation for miners,recreation for miners,high_impact_mappings,Corrected mapping to generic singular leaf
Girls Cricket Match at Katoomba.,26 April 1895,Mountaineer,Recreation for miners,recreation for miners,high_impact_mappings,Corrected mapping to generic singular leaf
The Rockley Game.,7 February 1896,Mountaineer,Recreation for miners,recreation for miners,high_impact_mappings,Corrected mapping to generic singular leaf
Mountain Mixtures.,4 December 1891,Katoomba Times,Recreation for miners,recreation for miners,high_impact_mappings,Corrected mapping to generic singular leaf
Hartley Vale.,13 February 1911,Lithgow Mercury,Recreation for miners,recreation for miners,high_impact_mappings,Corrected mapping to generic singular leaf
Megalong Matters.,5 June 1896,Mountaineer,Recreation for miners,recreation for miners,high_impact_mappings,Corrected mapping to generic singular leaf
Megalong Valley.,6 October 1893,Katoomba Times,Recreation for miners,recreation for miners,high_impact_mappings,Corrected mapping to generic singular leaf
Katoomba Police Court.,21 September 1894,Mountaineer,Recreation for miners,recreation for miners,high_impact_mappings,Corrected mapping to generic singular leaf
Granted,26 March 1892,Nepean Times,Recreation for miners,recreation for miners,high_impact_mappings,Corrected mapping to generic singular leaf
Mountain Mixtures.,22 January 1892,Katoomba Times,Recreation for miners,recreation for miners,high_impact_mappings,Corrected mapping to generic singular leaf
Mountain Mixtures.,23 June 1893,Katoomba Times,Recreation for miners,recreation for miners,high_impact_mappings,Corrected mapping to generic singular leaf
Katoomba.,4 August 1905,Lithgow Mercury,Recreation for miners,recreation for miners,high_impact_mappings,Corrected mapping to generic singular leaf
Mountain Mixtures.,30 June 1893,Katoomba Times,Recreation for miners,recreation for miners,high_impact_mappings,Corrected mapping to generic singular leaf
Mountain Mixtures.,16 June 1893,Katoomba Times,Recreation for miners,recreation for miners,high_impact_mappings,Corrected mapping to generic singular leaf
Mines School of Arts.,2 May 1891,Katoomba Times,Recreation for miners,recreation for miners,high_impact_mappings,Corrected mapping to generic singular leaf
Town Talk.,30 October 1903,Blue Mountain Gazette,Recreation for miners,recreation for miners,high_impact_mappings,Corrected mapping to generic singular leaf
Local Jottings.,25 May 1889,Katoomba Times,Recreation for miners,recreation for miners,high_impact_mappings,Corrected mapping to generic singular leaf
Sporting.,3 June 1898,Lithgow Mercury,Recreation for miners,recreation for miners,high_impact_mappings,Corrected mapping to generic singular leaf
Footballers' Social at Hartley Vale.,20 October 1899,Lithgow Mercury,Recreation for miners,recreation for miners,high_impact_mappings,Corrected mapping to generic singular leaf
Local Jottings.,21 September 1889,Katoomba Times,Recreation for miners,recreation for miners,high_impact_mappings,Corrected mapping to generic singular leaf
Mountain Mixtures.,20 November 1891,Katoomba Times,Recreation for miners,recreation for miners,high_impact_mappings,Corrected mapping to generic singular leaf
Mountain Mixtures.,29 April 1892,Katoomba Times,Recreation for miners,recreation for miners,high_impact_mappings,Corrected mapping to generic singular leaf
Mountain Mixtures.,9 June 1893,Katoomba Times,Recreation for miners,recreation for miners,high_impact_mappings,Corrected mapping to generic singular leaf
[untitled],29 June 1889,Katoomba Times,Recreation for miners,recreation for miners,high_impact_mappings,Corrected mapping to generic singular leaf
Football.,22 April 1904,Blue Mountain Gazette,Recreation for miners,recreation for miners,high_impact_mappings,Corrected mapping to generic singular leaf
Katoomba.,9 July 1901,Lithgow Mercury,Recreation for miners,recreation for miners,high_impact_mappings,Corrected mapping to generic singular leaf
At Katoomba,10 November 1893,Katoomba Times,Recreation for miners,recreation for miners,high_impact_mappings,Corrected mapping to generic singular leaf
Cricket Club at the Mines.,25 August 1893,Katoomba Times,Recreation for miners,recreation for miners,high_impact_mappings,Corrected mapping to generic singular leaf
Hartley Vale.,16 October 1891,Katoomba Times,Recreation for miners,recreation for miners,high_impact_mappings,Corrected mapping to generic singular leaf
Opening of the Mines School of Arts.,5 September 1891,Katoomba Times,Recreation for miners,recreation for miners,high_impact_mappings,Corrected mapping to generic singular leaf
Katoomba Athletic Sports.,12 December 1885,Nepean Times,Recreation for miners,recreation for miners,high_impact_mappings,Corrected mapping to generic singular leaf
Katoomba.,12 December 1885,Nepean Times,Recreation for miners,recreation for miners,high_impact_mappings,Corrected mapping to generic singular leaf
"Supreme Court, Sydney.",2 June 1893,Katoomba Times,Court,court,high_impact_mappings,Corrected mapping to generic singular leaf
A Charge of Rape.,6 September 1890,Nepean Times,Court,court,high_impact_mappings,Corrected mapping to generic singular leaf
Mountain Mixtures.,21 October 1892,Katoomba Times,Court,court,high_impact_mappings,Corrected mapping to generic singular leaf
Jottings.,23 May 1891,Katoomba Times,Court,court,high_impact_mappings,Corrected mapping to generic singular leaf
Town Talk.,13 March 1903,Blue Mountain Gazette,Court,court,high_impact_mappings,Corrected mapping to generic singular leaf
Mountain Mixtures.,4 December 1891,Katoomba Times,Court,court,high_impact_mappings,Corrected mapping to generic singular leaf
Katoomba Police Court.,21 September 1894,Mountaineer,Court,court,high_impact_mappings,Corrected mapping to generic singular leaf
Mountain Mixtures.,22 January 1892,Katoomba Times,Court,court,high_impact_mappings,Corrected mapping to generic singular leaf
Mountain Mixtures.,23 June 1893,Katoomba Times,Court,court,high_impact_mappings,Corrected mapping to generic singular leaf
Mountain Mixtures.,30 June 1893,Katoomba Times,Court,court,high_impact_mappings,Corrected mapping to generic singular leaf
Town Talk.,30 October 1903,Blue Mountain Gazette,Court,court,high_impact_mappings,Corrected mapping to generic singular leaf
Mountain Mixtures.,20 November 1891,Katoomba Times,Court,court,high_impact_mappings,Corrected mapping to generic singular leaf
To-Day's Further Court Proceedings,1 December 1932,Lithgow Mercury,Court,court,high_impact_mappings,Corrected mapping to generic singular leaf
Spinning Jenny at Races Gets Man Into Trouble,13 June 1919,Barrier Miner,Court,court,high_impact_mappings,Corrected mapping to generic singular leaf
Parramatta Quarter Sessions.,3 June 1914,Sydney Morning Herald,Court,court,high_impact_mappings,Corrected mapping to generic singular leaf
Katoomba Police Court.,1 December 1905,Mountaineer,Court,court,high_impact_mappings,Corrected mapping to generic singular leaf
Police Court.,8 January 1904,Blue Mountain Gazette,Court,court,high_impact_mappings,Corrected mapping to generic singular leaf
"Wednesday, 12th February.",14 February 1902,Mountaineer,Court,court,high_impact_mappings,Corrected mapping to generic singular leaf
Newcastle Police Court,17 August 1898,Newcastle Morning Herald and Miners' Advocate,Court,court,high_impact_mappings,Corrected mapping to generic singular leaf
Korumburra Police Court.,21 October 1897,Great Southern Advocate,Court,court,high_impact_mappings,Corrected mapping to generic singular leaf
Katoomba Police Court,20 March 1896,Mountaineer,Court,court,high_impact_mappings,Corrected mapping to generic singular leaf
Small Debts Court.,13 March 1896,Mountaineer,Court,court,high_impact_mappings,Corrected mapping to generic singular leaf
Katoomba Police Court,13 December 1895,Mountaineer,Court,court,high_impact_mappings,Corrected mapping to generic singular leaf
Mountain Mixtures.,3 November 1893,Katoomba Times,Court,court,high_impact_mappings,Corrected mapping to generic singular leaf
Mountain Mixtures,14 July 1893,Katoomba Times,Court,court,high_impact_mappings,Corrected mapping to generic singular leaf
Mountain Mixtures.,5 May 1893,Katoomba Times,Court,court,high_impact_mappings,Corrected mapping to generic singular leaf
Mountain Mixtures.,2 June 1893,Katoomba Times,Court,court,high_impact_mappings,Corrected mapping to generic singular leaf
Mountain Mixtures.,2 December 1892,Katoomba Times,Court,court,high_impact_mappings,Corrected mapping to generic singular leaf
Mountain Mixtures.,18 November 1892,Katoomba Times,Court,court,high_impact_mappings,Corrected mapping to generic singular leaf
Mountain Mixtures.,25 November 1892,Katoomba Times,Court,court,high_impact_mappings,Corrected mapping to generic singular leaf
Katoomba Police Court.,5 November 1892,Nepean Times,Court,court,high_impact_mappings,Corrected mapping to generic singular leaf
Katoomba Court.,14 October 1892,Katoomba Times,Court,court,high_impact_mappings,Corrected mapping to generic singular leaf
Small Debts.,14 October 1892,Katoomba Times,Court,court,high_impact_mappings,Corrected mapping to generic singular leaf
Petty Debts.,15 July 1892,Katoomba Times,Court,court,high_impact_mappings,Corrected mapping to generic singular leaf
Katoomba Police Court.,26 March 1892,Nepean Times,Court,court,high_impact_mappings,Corrected mapping to generic singular leaf
Newsettes.,15 September 1891,Illawarra Mercury,Court,court,high_impact_mappings,Corrected mapping to generic singular leaf
Katoomba Police Court.,21 March 1891,Katoomba Times,Court,court,high_impact_mappings,Corrected mapping to generic singular leaf
Law.,22 March 1887,Daily Telegraph,Court,court,high_impact_mappings,Corrected mapping to generic singular leaf
Metropolitan Quarter Sessions. Charge of Larceny.,8 April 1887,Sydney Morning Herald,Court,court,high_impact_mappings,Corrected mapping to generic singular leaf
Katoomba Court.,17 March 1893,Katoomba Times,Court,court,high_impact_mappings,Corrected mapping to generic singular leaf
Katoomba Court.,2 June 1893,Katoomba Times,Court,court,high_impact_mappings,Corrected mapping to generic singular leaf
Katoomba Court.,4 November 1892,Katoomba Times,Court,court,high_impact_mappings,Corrected mapping to generic singular leaf
Katoomba Court.,15 December 1893,Katoomba Times,Court,court,high_impact_mappings,Corrected mapping to generic singular leaf
Katoomba News.,29 June 1895,Nepean Times,Court,court,high_impact_mappings,Corrected mapping to generic singular leaf
Katoomba.,19 December 1885,Nepean Times,Court,court,high_impact_mappings,Corrected mapping to generic singular leaf
"Supreme Court, Sydney.",2 June 1893,Katoomba Times,Court cases,court cases,high_impact_mappings,Corrected mapping to generic singular leaf
A Charge of Rape.,6 September 1890,Nepean Times,Court cases,court cases,high_impact_mappings,Corrected mapping to generic singular leaf
Bulli and Woonona.,31 July 1909,South Coast Times and Wollongong Argus,Court cases,court cases,high_impact_mappings,Corrected mapping to generic singular leaf
Mountain Mixtures.,21 October 1892,Katoomba Times,Court cases,court cases,high_impact_mappings,Corrected mapping to generic singular leaf
Moutains Mixtures.,17 November 1893,Katoomba Times,Court cases,court cases,high_impact_mappings,Corrected mapping to generic singular leaf
Katoomba Police Court.,21 September 1894,Mountaineer,Court cases,court cases,high_impact_mappings,Corrected mapping to generic singular leaf
Mountain Mixtures.,23 June 1893,Katoomba Times,Court cases,court cases,high_impact_mappings,Corrected mapping to generic singular leaf
Town Talk.,30 October 1903,Blue Mountain Gazette,Court cases,court cases,high_impact_mappings,Corrected mapping to generic singular leaf
To-Day's Further Court Proceedings,1 December 1932,Lithgow Mercury,Court cases,court cases,high_impact_mappings,Corrected mapping to generic singular leaf
Silverton Police Court.,15 February 1918,Barrier Miner,Court cases,court cases,high_impact_mappings,Corrected mapping to generic singular leaf
Alleged Stealing.,18 September 1916,Barrier Miner,Court cases,court cases,high_impact_mappings,Corrected mapping to generic singular leaf
Parramatta Quarter Sessions.,3 June 1914,Sydney Morning Herald,Court cases,court cases,high_impact_mappings,Corrected mapping to generic singular leaf
An Innocent Bigamist.,3 September 1909,Richmond River Herald and Northern Districts Advertiser,Court cases,court cases,high_impact_mappings,Corrected mapping to generic singular leaf
Bigamy.,4 August 1909,New South Wales Police Gazette and Weekly Record of Crime,Court cases,court cases,high_impact_mappings,Corrected mapping to generic singular leaf
Katoomba Police Court.,1 December 1905,Mountaineer,Court cases,court cases,high_impact_mappings,Corrected mapping to generic singular leaf
Police Court.,8 January 1904,Blue Mountain Gazette,Court cases,court cases,high_impact_mappings,Corrected mapping to generic singular leaf
"Wednesday, 12th February.",14 February 1902,Mountaineer,Court cases,court cases,high_impact_mappings,Corrected mapping to generic singular leaf
Small Debts Court.,13 March 1896,Mountaineer,Court cases,court cases,high_impact_mappings,Corrected mapping to generic singular leaf
Katoomba Police Court,13 December 1895,Mountaineer,Court cases,court cases,high_impact_mappings,Corrected mapping to generic singular leaf
Mountain Mixtures.,3 November 1893,Katoomba Times,Court cases,court cases,high_impact_mappings,Corrected mapping to generic singular leaf
Katoomba Court.,16 June 1893,Katoomba Times,Court cases,court cases,high_impact_mappings,Corrected mapping to generic singular leaf
Mountain Mixtures.,5 May 1893,Katoomba Times,Court cases,court cases,high_impact_mappings,Corrected mapping to generic singular leaf
Local and General.,22 April 1893,Nepean Times,Court cases,court cases,high_impact_mappings,Corrected mapping to generic singular leaf
Mountain Mixtures.,2 June 1893,Katoomba Times,Court cases,court cases,high_impact_mappings,Corrected mapping to generic singular leaf
"Found ""Not Guilty.""",17 April 1893,National Advocate,Court cases,court cases,high_impact_mappings,Corrected mapping to generic singular leaf
Mountain Mixtures.,10 February 1893,Katoomba Times,Court cases,court cases,high_impact_mappings,Corrected mapping to generic singular leaf
Mountain Mixtures.,2 December 1892,Katoomba Times,Court cases,court cases,high_impact_mappings,Corrected mapping to generic singular leaf
Mountain Mixtures.,18 November 1892,Katoomba Times,Court cases,court cases,high_impact_mappings,Corrected mapping to generic singular leaf
Mountain Mixtures.,25 November 1892,Katoomba Times,Court cases,court cases,high_impact_mappings,Corrected mapping to generic singular leaf
Katoomba Police Court.,5 November 1892,Nepean Times,Court cases,court cases,high_impact_mappings,Corrected mapping to generic singular leaf
Katoomba Court.,14 October 1892,Katoomba Times,Court cases,court cases,high_impact_mappings,Corrected mapping to generic singular leaf
Small Debts.,14 October 1892,Katoomba Times,Court cases,court cases,high_impact_mappings,Corrected mapping to generic singular leaf
Mountain Mixtures.,16 September 1892,Katoomba Times,Court cases,court cases,high_impact_mappings,Corrected mapping to generic singular leaf
Petty Debts.,15 July 1892,Katoomba Times,Court cases,court cases,high_impact_mappings,Corrected mapping to generic singular leaf
Katoomba Police Court.,26 March 1892,Nepean Times,Court cases,court cases,high_impact_mappings,Corrected mapping to generic singular leaf
Newsettes.,15 September 1891,Illawarra Mercury,Court cases,court cases,high_impact_mappings,Corrected mapping to generic singular leaf
Katoomba Police Court.,21 March 1891,Katoomba Times,Court cases,court cases,high_impact_mappings,Corrected mapping to generic singular leaf
Law.,22 March 1887,Daily Telegraph,Court cases,court cases,high_impact_mappings,Corrected mapping to generic singular leaf
Metropolitan Quarter Sessions. Charge of Larceny.,8 April 1887,Sydney Morning Herald,Court cases,court cases,high_impact_mappings,Corrected mapping to generic singular leaf
Katoomba Court.,17 March 1893,Katoomba Times,Court cases,court cases,high_impact_mappings,Corrected mapping to generic singular leaf
Katoomba Court.,2 June 1893,Katoomba Times,Court cases,court cases,high_impact_mappings,Corrected mapping to generic singular leaf
Katoomba Court.,4 November 1892,Katoomba Times,Court cases,court cases,high_impact_mappings,Corrected mapping to generic singular leaf
Katoomba Court.,15 December 1893,Katoomba Times,Court cases,court cases,high_impact_mappings,Corrected mapping to generic singular leaf
Katoomba News.,29 June 1895,Nepean Times,Court cases,court cases,high_impact_mappings,Corrected mapping to generic singular leaf
Extraordinary Court Case in Ipswich.,28 May 1887,Week,Court cases,court cases,high_impact_mappings,Corrected mapping to generic singular leaf
Local Jottings.,26 April 1890,Katoomba Times,Sports,recreation activity,high_impact_mappings,Corrected mapping to generic singular leaf
News in Brief,9 October 1903,Mountaineer,Sports,recreation activity,high_impact_mappings,Corrected mapping to generic singular leaf
Mountain Mixtures.,7 July 1893,Katoomba Times,Sports,recreation activity,high_impact_mappings,Corrected mapping to generic singular leaf
Mountain Mixtures.,21 October 1892,Katoomba Times,Sports,recreation activity,high_impact_mappings,Corrected mapping to generic singular leaf
Megalong Matters.,5 August 1892,Katoomba Times,Sports,recreation activity,high_impact_mappings,Corrected mapping to generic singular leaf
Megalong Matters.,26 August 1892,Katoomba Times,Sports,recreation activity,high_impact_mappings,Corrected mapping to generic singular leaf
Town Talk.,13 May 1904,Blue Mountain Gazette,Sports,recreation activity,high_impact_mappings,Corrected mapping to generic singular leaf
Mountain Mixtures.,9 September 1892,Katoomba Times,Sports,recreation activity,high_impact_mappings,Corrected mapping to generic singular leaf
Jottings.,23 May 1891,Katoomba Times,Sports,recreation activity,high_impact_mappings,Corrected mapping to generic singular leaf
Local Jottings.,19 July 1890,Katoomba Times,Sports,recreation activity,high_impact_mappings,Corrected mapping to generic singular leaf
Social at Hartley Vale.,23 September 1898,Lithgow Mercury,Sports,recreation activity,high_impact_mappings,Corrected mapping to generic singular leaf
Town Talk.,13 March 1903,Blue Mountain Gazette,Sports,recreation activity,high_impact_mappings,Corrected mapping to generic singular leaf
The Target.,5 October 1898,National Advocate,Sports,recreation activity,high_impact_mappings,Corrected mapping to generic singular leaf
Moutains Mixtures.,17 November 1893,Katoomba Times,Sports,recreation activity,high_impact_mappings,Corrected mapping to generic singular leaf
Mountain Mixtures.,23 March 1894,Katoomba Times,Sports,recreation activity,high_impact_mappings,Corrected mapping to generic singular leaf
Girls Cricket Match at Katoomba.,26 April 1895,Mountaineer,Sports,recreation activity,high_impact_mappings,Corrected mapping to generic singular leaf
The Rockley Game.,7 February 1896,Mountaineer,Sports,recreation activity,high_impact_mappings,Corrected mapping to generic singular leaf
Mountain Mixtures.,4 December 1891,Katoomba Times,Sports,recreation activity,high_impact_mappings,Corrected mapping to generic singular leaf
Hartley Vale.,13 February 1911,Lithgow Mercury,Sports,recreation activity,high_impact_mappings,Corrected mapping to generic singular leaf
Megalong Matters.,5 June 1896,Mountaineer,Sports,recreation activity,high_impact_mappings,Corrected mapping to generic singular leaf
Megalong Valley.,6 October 1893,Katoomba Times,Sports,recreation activity,high_impact_mappings,Corrected mapping to generic singular leaf
Katoomba Police Court.,21 September 1894,Mountaineer,Sports,recreation activity,high_impact_mappings,Corrected mapping to generic singular leaf
Granted,26 March 1892,Nepean Times,Sports,recreation activity,high_impact_mappings,Corrected mapping to generic singular leaf
Mountain Mixtures.,22 January 1892,Katoomba Times,Sports,recreation activity,high_impact_mappings,Corrected mapping to generic singular leaf
Town Talk.,30 October 1903,Blue Mountain Gazette,Sports,recreation activity,high_impact_mappings,Corrected mapping to generic singular leaf
Local Jottings.,25 May 1889,Katoomba Times,Sports,recreation activity,high_impact_mappings,Corrected mapping to generic singular leaf
Sporting.,3 June 1898,Lithgow Mercury,Sports,recreation activity,high_impact_mappings,Corrected mapping to generic singular leaf
Footballers' Social at Hartley Vale.,20 October 1899,Lithgow Mercury,Sports,recreation activity,high_impact_mappings,Corrected mapping to generic singular leaf
Local Jottings.,21 September 1889,Katoomba Times,Sports,recreation activity,high_impact_mappings,Corrected mapping to generic singular leaf
Mountain Mixtures.,20 November 1891,Katoomba Times,Sports,recreation activity,high_impact_mappings,Corrected mapping to generic singular leaf
Town Talk.,26 August 1904,Blue Mountain Gazette,Sports,recreation activity,high_impact_mappings,Corrected mapping to generic singular leaf
Football.,22 April 1904,Blue Mountain Gazette,Sports,recreation activity,high_impact_mappings,Corrected mapping to generic singular leaf
At Katoomba,10 November 1893,Katoomba Times,Sports,recreation activity,high_impact_mappings,Corrected mapping to generic singular leaf
Megalong Valley.,15 September 1893,Katoomba Times,Sports,recreation activity,high_impact_mappings,Corrected mapping to generic singular leaf
Cricket Club at the Mines.,25 August 1893,Katoomba Times,Sports,recreation activity,high_impact_mappings,Corrected mapping to generic singular leaf
Hartley Vale.,16 October 1891,Katoomba Times,Sports,recreation activity,high_impact_mappings,Corrected mapping to generic singular leaf
Katoomba Athletic Sports.,12 December 1885,Nepean Times,Sports,recreation activity,high_impact_mappings,Corrected mapping to generic singular leaf
Katoomba.,19 December 1885,Nepean Times,Sports,recreation activity,high_impact_mappings,Corrected mapping to generic singular leaf
Katoomba.,12 December 1885,Nepean Times,Sports,recreation activity,high_impact_mappings,Corrected mapping to generic singular leaf
Local Jottings.,26 April 1890,Katoomba Times,Church,church,high_impact_mappings,Corrected mapping to generic singular leaf
News in Brief,9 October 1903,Mountaineer,Church,church,high_impact_mappings,Corrected mapping to generic singular leaf
Mountain Mixtures.,7 July 1893,Katoomba Times,Church,church,high_impact_mappings,Corrected mapping to generic singular leaf
Mountain Mixtures.,21 October 1892,Katoomba Times,Church,church,high_impact_mappings,Corrected mapping to generic singular leaf
Megalong Matters.,5 August 1892,Katoomba Times,Church,church,high_impact_mappings,Corrected mapping to generic singular leaf
Town Talk.,13 May 1904,Blue Mountain Gazette,Church,church,high_impact_mappings,Corrected mapping to generic singular leaf
Local Jottings.,19 July 1890,Katoomba Times,Church,church,high_impact_mappings,Corrected mapping to generic singular leaf
Town Talk.,13 March 1903,Blue Mountain Gazette,Church,church,high_impact_mappings,Corrected mapping to generic singular leaf
Moutains Mixtures.,17 November 1893,Katoomba Times,Church,church,high_impact_mappings,Corrected mapping to generic singular leaf
Mines School of Arts.,2 May 1891,Katoomba Times,Church,church,high_impact_mappings,Corrected mapping to generic singular leaf
Town Talk.,30 October 1903,Blue Mountain Gazette,Church,church,high_impact_mappings,Corrected mapping to generic singular leaf
Mountain Mixtures.,29 April 1892,Katoomba Times,Church,church,high_impact_mappings,Corrected mapping to generic singular leaf
The Passing of a Mountaineer. Vale! Joseph Nimmo.,23 March 1917,Blue Mountain Echo,Church,church,high_impact_mappings,Corrected mapping to generic singular leaf
Concert in Aid of Katoomba Miners' Families.,4 May 1894,Katoomba Times,Church,church,high_impact_mappings,Corrected mapping to generic singular leaf
Mountain Mixtures.,4 May 1894,Katoomba Times,Church,church,high_impact_mappings,Corrected mapping to generic singular leaf
Brevities.,10 April 1894,Evening News,Church,church,high_impact_mappings,Corrected mapping to generic singular leaf
Lawson.,5 May 1894,Nepean Times,Church,church,high_impact_mappings,Corrected mapping to generic singular leaf
The Unemployed at Katoomba.,17 April 1894,Daily Telegraph,Church,church,high_impact_mappings,Corrected mapping to generic singular leaf
A Public Meeting.,13 January 1905,Mountaineer,Church,church,high_impact_mappings,Corrected mapping to generic singular leaf
"St Joseph's New Church, Megalong",17 March 1905,Mountaineer,Church,church,high_impact_mappings,Corrected mapping to generic singular leaf
Town Talk.,22 Jul 1904,Blue Mountain Gazette,Church,church,high_impact_mappings,Corrected mapping to generic singular leaf
Katoomba.,9 July 1901,Lithgow Mercury,Church,church,high_impact_mappings,Corrected mapping to generic singular leaf
Death of Canon Kemmis.,25 March 1897,Sydney Morning Herald,Church,church,high_impact_mappings,Corrected mapping to generic singular leaf
Mountain Mixtures.,29 December 1893,Katoomba Times,Church,church,high_impact_mappings,Corrected mapping to generic singular leaf
Mountain Mixtures.,2 June 1893,Katoomba Times,Church,church,high_impact_mappings,Corrected mapping to generic singular leaf
Wedding Favors.,25 March 1893,Australian Town and Country Journal,Church,church,high_impact_mappings,Corrected mapping to generic singular leaf
Mountain Mixtures.,2 December 1892,Katoomba Times,Church,church,high_impact_mappings,Corrected mapping to generic singular leaf
Mountain Mixtures.,18 November 1892,Katoomba Times,Church,church,high_impact_mappings,Corrected mapping to generic singular leaf
Mountain Mixtures.,11 March 1892,Katoomba Times,Church,church,high_impact_mappings,Corrected mapping to generic singular leaf
Opening of the Mines School of Arts.,5 September 1891,Katoomba Times,Church,church,high_impact_mappings,Corrected mapping to generic singular leaf
Katoomba.,29 September 1888,Nepean Times,Church,church,high_impact_mappings,Corrected mapping to generic singular leaf
Katoomba.,8 July 1908,Lithgow Mercury,Church,church,high_impact_mappings,Corrected mapping to generic singular leaf
Katoomba. Mine Operations Suspended.,27 May 1904,Lithgow Mercury,Church,church,high_impact_mappings,Corrected mapping to generic singular leaf
Katoomba.,21 April 1903,Lithgow Mercury,Church,church,high_impact_mappings,Corrected mapping to generic singular leaf
News in Brief,9 October 1903,Mountaineer,Railway,railway,high_impact_mappings,Corrected mapping to generic singular leaf
Town Talk.,13 May 1904,Blue Mountain Gazette,Railway,railway,high_impact_mappings,Corrected mapping to generic singular leaf
Moutains Mixtures.,17 November 1893,Katoomba Times,Railway,railway,high_impact_mappings,Corrected mapping to generic singular leaf
Mountain Mixtures.,23 March 1894,Katoomba Times,Railway,railway,high_impact_mappings,Corrected mapping to generic singular leaf
Mountain Mixtures.,4 December 1891,Katoomba Times,Railway,railway,high_impact_mappings,Corrected mapping to generic singular leaf
Mountain Mixtures.,22 January 1892,Katoomba Times,Railway,railway,high_impact_mappings,Corrected mapping to generic singular leaf
Town Talk.,30 October 1903,Blue Mountain Gazette,Railway,railway,high_impact_mappings,Corrected mapping to generic singular leaf
Local Jottings.,25 May 1889,Katoomba Times,Railway,railway,high_impact_mappings,Corrected mapping to generic singular leaf
Local Jottings.,21 September 1889,Katoomba Times,Railway,railway,high_impact_mappings,Corrected mapping to generic singular leaf
Mountain Mixtures.,20 November 1891,Katoomba Times,Railway,railway,high_impact_mappings,Corrected mapping to generic singular leaf
Mountain Mixtures.,29 April 1892,Katoomba Times,Railway,railway,high_impact_mappings,Corrected mapping to generic singular leaf
A.K.O. & M. Co.'s Meeting.,27 December 1901,Lithgow Mercury,Railway,railway,high_impact_mappings,Corrected mapping to generic singular leaf
News in Brief.,1 September 1905,Mountaineer,Railway,railway,high_impact_mappings,Corrected mapping to generic singular leaf
Blue Mountains Railway Tourist Guide,1890s,,Railway,railway,high_impact_mappings,Corrected mapping to generic singular leaf
Brevities.,29 September 1916,Lithgow Mercury,Railway,railway,high_impact_mappings,Corrected mapping to generic singular leaf
New South Wales Railway Enquiry,13 December 1905,Advertiser,Railway,railway,high_impact_mappings,Corrected mapping to generic singular leaf
Katoomba.,19 January 1906,Lithgow Mercury,Railway,railway,high_impact_mappings,Corrected mapping to generic singular leaf
Town Talk.,2 October 1903,Blue Mountain Gazette,Railway,railway,high_impact_mappings,Corrected mapping to generic singular leaf
Katoomba.,9 July 1901,Lithgow Mercury,Railway,railway,high_impact_mappings,Corrected mapping to generic singular leaf
Mountain Mixtures.,2 June 1893,Katoomba Times,Railway,railway,high_impact_mappings,Corrected mapping to generic singular leaf
Mountain Mixtures.,2 December 1892,Katoomba Times,Railway,railway,high_impact_mappings,Corrected mapping to generic singular leaf
Mountain Mixtures.,18 November 1892,Katoomba Times,Railway,railway,high_impact_mappings,Corrected mapping to generic singular leaf
Mountain Mixtures.,25 November 1892,Katoomba Times,Railway,railway,high_impact_mappings,Corrected mapping to generic singular leaf
Mountain Mixtures.,17 June 1892,Katoomba Times,Railway,railway,high_impact_mappings,Corrected mapping to generic singular leaf
Mountain Mixtures.,11 March 1892,Katoomba Times,Railway,railway,high_impact_mappings,Corrected mapping to generic singular leaf
Local News.,6 September 1890,Nepean Times,Railway,railway,high_impact_mappings,Corrected mapping to generic singular leaf
Rich Mineral Deposits.,29 October 1889,Australian Star,Railway,railway,high_impact_mappings,Corrected mapping to generic singular leaf
Katoomba Miners' Strike.,3 August 1887,Evening News,Railway,railway,high_impact_mappings,Corrected mapping to generic singular leaf
Law.,22 March 1887,Daily Telegraph,Railway,railway,high_impact_mappings,Corrected mapping to generic singular leaf
"Opening of the Gladstone Coal-Mine, Katoomba.",13 July 1885,Sydney Morning Herald,Railway,railway,high_impact_mappings,Corrected mapping to generic singular leaf
Great Wentworth Falls Coal and Shale Mining Company.,31 August 1885,Evening News,Railway,railway,high_impact_mappings,Corrected mapping to generic singular leaf
Katoomba.,21 April 1903,Lithgow Mercury,Railway,railway,high_impact_mappings,Corrected mapping to generic singular leaf
Katoomba.,24 February 1883,Nepean Times,Railway,railway,high_impact_mappings,Corrected mapping to generic singular leaf
Megalong Matters.,5 August 1892,Katoomba Times,Mining,mining,high_impact_mappings,Corrected mapping to generic singular leaf
Jottings.,23 May 1891,Katoomba Times,Mining,mining,high_impact_mappings,Corrected mapping to generic singular leaf
Moutains Mixtures.,17 November 1893,Katoomba Times,Mining,mining,high_impact_mappings,Corrected mapping to generic singular leaf
Katoomba.,4 August 1905,Lithgow Mercury,Mining,mining,high_impact_mappings,Corrected mapping to generic singular leaf
The Collieries and Big-Head Mines of New South Wales,1887,,Mining,mining,high_impact_mappings,Corrected mapping to generic singular leaf
Death of Major Gordon,5 May 1915,North Western Courier,Mining,mining,high_impact_mappings,Corrected mapping to generic singular leaf
Katoomba.,19 January 1906,Lithgow Mercury,Mining,mining,high_impact_mappings,Corrected mapping to generic singular leaf
Katoomba. Rumour About Work At The Mines.,23 May 1905,Lithgow Mercury,Mining,mining,high_impact_mappings,Corrected mapping to generic singular leaf
The Katoomba Mines.,24 November 1903,Lithgow Mercury,Mining,mining,high_impact_mappings,Corrected mapping to generic singular leaf
The Katoomba Shale Mine. Closing Down.,14 July 1903,Lithgow Mercury,Mining,mining,high_impact_mappings,Corrected mapping to generic singular leaf
Work at the Mines.,17 April 1903,Blue Mountain Gazette,Mining,mining,high_impact_mappings,Corrected mapping to generic singular leaf
Mountain Industries.,7 April 1903,Evening News,Mining,mining,high_impact_mappings,Corrected mapping to generic singular leaf
The Katoomba Mines.,20 March 1903,Blue Mountain Gazette,Mining,mining,high_impact_mappings,Corrected mapping to generic singular leaf
Mining.,15 June 1897,Evening News,Mining,mining,high_impact_mappings,Corrected mapping to generic singular leaf
Current Events.,29 March 1897,Newcastle Morning Herald and Miners' Advocate,Mining,mining,high_impact_mappings,Corrected mapping to generic singular leaf
Mining.,25 August 1896,Evening News,Mining,mining,high_impact_mappings,Corrected mapping to generic singular leaf
Mining.,19 May 1896,Evening News,Mining,mining,high_impact_mappings,Corrected mapping to generic singular leaf
The Gold Fields.,21 April 1896,Evening News,Mining,mining,high_impact_mappings,Corrected mapping to generic singular leaf
Brevities.,6 April 1894,Evening News,Mining,mining,high_impact_mappings,Corrected mapping to generic singular leaf
The Megalong Shale Mines.,21 December 1893,National Advocate,Mining,mining,high_impact_mappings,Corrected mapping to generic singular leaf
Unionism of To-day.,1 September 1893,Katoomba Times,Mining,mining,high_impact_mappings,Corrected mapping to generic singular leaf
Megalong Mines.,1 September 1893,Katoomba Times,Mining,mining,high_impact_mappings,Corrected mapping to generic singular leaf
Local and General.,7 July 1892,Bathurst  Free Press and Mining Journal,Mining,mining,high_impact_mappings,Corrected mapping to generic singular leaf
Local News.,6 September 1890,Nepean Times,Mining,mining,high_impact_mappings,Corrected mapping to generic singular leaf
Rich Mineral Deposits.,29 October 1889,Australian Star,Mining,mining,high_impact_mappings,Corrected mapping to generic singular leaf
Katoomba.,28 January 1888,Nepean Times,Mining,mining,high_impact_mappings,Corrected mapping to generic singular leaf
Katoomba Miners' Strike.,1 August 1887,Evening News,Mining,mining,high_impact_mappings,Corrected mapping to generic singular leaf
Round our Collieries.,13 October 1886,Newcastle Morning Herald and Miners' Advocate,Mining,mining,high_impact_mappings,Corrected mapping to generic singular leaf
The Diamonditerous Deposits of Boggy Camp,18 October 1899,Inverell Times,Mining,mining,high_impact_mappings,Corrected mapping to generic singular leaf
Katoomba.,8 July 1908,Lithgow Mercury,Mining,mining,high_impact_mappings,Corrected mapping to generic singular leaf
Katoomba. Mine Operations Suspended.,27 May 1904,Lithgow Mercury,Mining,mining,high_impact_mappings,Corrected mapping to generic singular leaf
The South Katoomba Mine.,1 March 1901,Lithgow Mercury,Mining,mining,high_impact_mappings,Corrected mapping to generic singular leaf
Jottings.,23 May 1891,Katoomba Times,Miners,miner,high_impact_mappings,Corrected mapping to generic singular leaf
Mountain Mixtures.,23 March 1894,Katoomba Times,Miners,miner,high_impact_mappings,Corrected mapping to generic singular leaf
Mountain Mixtures.,4 December 1891,Katoomba Times,Miners,miner,high_impact_mappings,Corrected mapping to generic singular leaf
Mountain Mixtures.,30 June 1893,Katoomba Times,Miners,miner,high_impact_mappings,Corrected mapping to generic singular leaf
Mines School of Arts.,2 May 1891,Katoomba Times,Miners,miner,high_impact_mappings,Corrected mapping to generic singular leaf
Local Jottings.,25 May 1889,Katoomba Times,Miners,miner,high_impact_mappings,Corrected mapping to generic singular leaf
Local Jottings.,21 September 1889,Katoomba Times,Miners,miner,high_impact_mappings,Corrected mapping to generic singular leaf
Concert in Aid of Katoomba Miners' Families.,4 May 1894,Katoomba Times,Miners,miner,high_impact_mappings,Corrected mapping to generic singular leaf
Mountain Mixtures.,4 May 1894,Katoomba Times,Miners,miner,high_impact_mappings,Corrected mapping to generic singular leaf
Brevities.,10 April 1894,Evening News,Miners,miner,high_impact_mappings,Corrected mapping to generic singular leaf
MINER INJURED AT KATOOMBA.,31 July 1905,Daily Telegraph,Miners,miner,high_impact_mappings,Corrected mapping to generic singular leaf
The Katoomba Shale Mine. Closing Down.,14 July 1903,Lithgow Mercury,Miners,miner,high_impact_mappings,Corrected mapping to generic singular leaf
LOST IN A SHALE MINE.,15 April 1903,Evening News,Miners,miner,high_impact_mappings,Corrected mapping to generic singular leaf
Current News.,20 November 1899,Newcastle Morning Herald and Miners' Advocate,Miners,miner,high_impact_mappings,Corrected mapping to generic singular leaf
Brevities.,6 April 1894,Evening News,Miners,miner,high_impact_mappings,Corrected mapping to generic singular leaf
Megalong Valley.,15 September 1893,Katoomba Times,Miners,miner,high_impact_mappings,Corrected mapping to generic singular leaf
Cricket Club at the Mines.,25 August 1893,Katoomba Times,Miners,miner,high_impact_mappings,Corrected mapping to generic singular leaf
Katoomba Court.,16 June 1893,Katoomba Times,Miners,miner,high_impact_mappings,Corrected mapping to generic singular leaf
"Katoomba, Sunday.",17 April 1893,Sydney Morning Herald,Miners,miner,high_impact_mappings,Corrected mapping to generic singular leaf
Found dead.,28 January 1893,Nepean Times,Miners,miner,high_impact_mappings,Corrected mapping to generic singular leaf
Mountain Mixtures.,18 November 1892,Katoomba Times,Miners,miner,high_impact_mappings,Corrected mapping to generic singular leaf
End of the Katoomba Strike.,11 July 1892,Sydney Morning Herald,Miners,miner,high_impact_mappings,Corrected mapping to generic singular leaf
Mountain Mixtures.,11 March 1892,Katoomba Times,Miners,miner,high_impact_mappings,Corrected mapping to generic singular leaf
Hartley Vale.,16 October 1891,Katoomba Times,Miners,miner,high_impact_mappings,Corrected mapping to generic singular leaf
Shale Miners.,19 September 1891,Daily Telegraph,Miners,miner,high_impact_mappings,Corrected mapping to generic singular leaf
Miners' Striek at Katoomba South.,14 July 1891,Sydney Morning Herald,Miners,miner,high_impact_mappings,Corrected mapping to generic singular leaf
The Katoomba Coal Mines.,22 November 1890,Daily Telegraph,Miners,miner,high_impact_mappings,Corrected mapping to generic singular leaf
Katoomba Miners' Strike.,3 August 1887,Evening News,Miners,miner,high_impact_mappings,Corrected mapping to generic singular leaf
Katoomba Miners' Strike.,1 August 1887,Evening News,Miners,miner,high_impact_mappings,Corrected mapping to generic singular leaf
Death of Mr. J. C. Brydon.,4 October 1886,Newcastle Morning Herald and Miners' Advocate,Miners,miner,high_impact_mappings,Corrected mapping to generic singular leaf
Round our Collieries.,13 October 1886,Newcastle Morning Herald and Miners' Advocate,Miners,miner,high_impact_mappings,Corrected mapping to generic singular leaf
Megalong Valley.,1 September 1893,Katoomba Times,Miners,miner,high_impact_mappings,Corrected mapping to generic singular leaf
Mountain Mixtures.,7 July 1893,Katoomba Times,Councils,council,high_impact_mappings,Corrected mapping to generic singular leaf
Mountain Mixtures.,9 September 1892,Katoomba Times,Councils,council,high_impact_mappings,Corrected mapping to generic singular leaf
Local Jottings.,19 July 1890,Katoomba Times,Councils,council,high_impact_mappings,Corrected mapping to generic singular leaf
Town Talk.,13 March 1903,Blue Mountain Gazette,Councils,council,high_impact_mappings,Corrected mapping to generic singular leaf
Mountain Mixtures.,23 March 1894,Katoomba Times,Councils,council,high_impact_mappings,Corrected mapping to generic singular leaf
Mountain Mixtures.,4 December 1891,Katoomba Times,Councils,council,high_impact_mappings,Corrected mapping to generic singular leaf
Mountain Mixtures.,22 January 1892,Katoomba Times,Councils,council,high_impact_mappings,Corrected mapping to generic singular leaf
Mountain Mixtures.,23 June 1893,Katoomba Times,Councils,council,high_impact_mappings,Corrected mapping to generic singular leaf
Katoomba.,4 August 1905,Lithgow Mercury,Councils,council,high_impact_mappings,Corrected mapping to generic singular leaf
Mountain Mixtures.,30 June 1893,Katoomba Times,Councils,council,high_impact_mappings,Corrected mapping to generic singular leaf
Town Talk.,30 October 1903,Blue Mountain Gazette,Councils,council,high_impact_mappings,Corrected mapping to generic singular leaf
News in Brief.,1 September 1905,Mountaineer,Councils,council,high_impact_mappings,Corrected mapping to generic singular leaf
Katoomba.,19 January 1906,Lithgow Mercury,Councils,council,high_impact_mappings,Corrected mapping to generic singular leaf
Town Talk.,26 August 1904,Blue Mountain Gazette,Councils,council,high_impact_mappings,Corrected mapping to generic singular leaf
A Belligerent Ratepayer.,12 August 1904,Blue Mountain Gazette,Councils,council,high_impact_mappings,Corrected mapping to generic singular leaf
Town Talk.,2 October 1903,Blue Mountain Gazette,Councils,council,high_impact_mappings,Corrected mapping to generic singular leaf
Men Employed by the Katoomba Municipal Council.,22 May 1903,Blue Mountain Gazette,Councils,council,high_impact_mappings,Corrected mapping to generic singular leaf
Mountain Mixtures.,2 June 1893,Katoomba Times,Councils,council,high_impact_mappings,Corrected mapping to generic singular leaf
Mountain Mixtures.,14 April 1893,Katoomba Times,Councils,council,high_impact_mappings,Corrected mapping to generic singular leaf
Mountain Mixtures.,10 February 1893,Katoomba Times,Councils,council,high_impact_mappings,Corrected mapping to generic singular leaf
Mountain Mixtures.,18 November 1892,Katoomba Times,Councils,council,high_impact_mappings,Corrected mapping to generic singular leaf
Mountain Mixtures.,25 November 1892,Katoomba Times,Councils,council,high_impact_mappings,Corrected mapping to generic singular leaf
Mountain Mixtures.,17 June 1892,Katoomba Times,Councils,council,high_impact_mappings,Corrected mapping to generic singular leaf
Mountain Mixtures.,11 March 1892,Katoomba Times,Councils,council,high_impact_mappings,Corrected mapping to generic singular leaf
Katoomba Municipal Elections.,5 July 1890,Katoomba Times,Councils,council,high_impact_mappings,Corrected mapping to generic singular leaf
Katoomba.,8 July 1908,Lithgow Mercury,Councils,council,high_impact_mappings,Corrected mapping to generic singular leaf
Katoomba.,22 April 1898,Lithgow Mercury,Councils,council,high_impact_mappings,Corrected mapping to generic singular leaf
Katoomba Items.,28 April 1899,Lithgow Mercury,Post office,post office,high_impact_mappings,Corrected mapping to generic singular leaf
Local Jottings.,26 April 1890,Katoomba Times,Post office,post office,high_impact_mappings,Corrected mapping to generic singular leaf
Mountain Mixtures.,7 July 1893,Katoomba Times,Post office,post office,high_impact_mappings,Corrected mapping to generic singular leaf
Town Talk.,13 May 1904,Blue Mountain Gazette,Post office,post office,high_impact_mappings,Corrected mapping to generic singular leaf
Mountain Mixtures.,9 September 1892,Katoomba Times,Post office,post office,high_impact_mappings,Corrected mapping to generic singular leaf
Jottings.,23 May 1891,Katoomba Times,Post office,post office,high_impact_mappings,Corrected mapping to generic singular leaf
Megalong Matters.,5 June 1896,Mountaineer,Post office,post office,high_impact_mappings,Corrected mapping to generic singular leaf
Mountain Mixtures.,22 January 1892,Katoomba Times,Post office,post office,high_impact_mappings,Corrected mapping to generic singular leaf
Mountain Mixtures.,30 June 1893,Katoomba Times,Post office,post office,high_impact_mappings,Corrected mapping to generic singular leaf
Town Talk.,30 October 1903,Blue Mountain Gazette,Post office,post office,high_impact_mappings,Corrected mapping to generic singular leaf
Mountain Mixtures.,29 April 1892,Katoomba Times,Post office,post office,high_impact_mappings,Corrected mapping to generic singular leaf
The Passing of a Mountaineer. Vale! Joseph Nimmo.,23 March 1917,Blue Mountain Echo,Post office,post office,high_impact_mappings,Corrected mapping to generic singular leaf
Death of Mrs. Nimmo,3 December 1926,Blue Mountain Echo,Post office,post office,high_impact_mappings,Corrected mapping to generic singular leaf
Mountain Mixtures.,4 May 1894,Katoomba Times,Post office,post office,high_impact_mappings,Corrected mapping to generic singular leaf
Lawson.,5 May 1894,Nepean Times,Post office,post office,high_impact_mappings,Corrected mapping to generic singular leaf
Town Talk.,26 August 1904,Blue Mountain Gazette,Post office,post office,high_impact_mappings,Corrected mapping to generic singular leaf
Official,10 May 1895,Mountaineer,Post office,post office,high_impact_mappings,Corrected mapping to generic singular leaf
Mountain Mixtures.,2 June 1893,Katoomba Times,Post office,post office,high_impact_mappings,Corrected mapping to generic singular leaf
Mountain Mixtures.,2 December 1892,Katoomba Times,Post office,post office,high_impact_mappings,Corrected mapping to generic singular leaf
Mountain Mixtures.,11 March 1892,Katoomba Times,Post office,post office,high_impact_mappings,Corrected mapping to generic singular leaf
Hartley Vale.,16 October 1891,Katoomba Times,Post office,post office,high_impact_mappings,Corrected mapping to generic singular leaf
Round the District.,4 May 1923,Lithgow Mercury,Post office,post office,high_impact_mappings,Corrected mapping to generic singular leaf
Megalong,14 August 1896,Mountaineer,Post office,post office,high_impact_mappings,Corrected mapping to generic singular leaf
News in Brief,9 October 1903,Mountaineer,Progress committees,progress committee,high_impact_mappings,Corrected mapping to generic singular leaf
Mountain Mixtures.,7 July 1893,Katoomba Times,Progress committees,progress committee,high_impact_mappings,Corrected mapping to generic singular leaf
Town Talk.,13 March 1903,Blue Mountain Gazette,Progress committees,progress committee,high_impact_mappings,Corrected mapping to generic singular leaf
Town Talk.,30 October 1903,Blue Mountain Gazette,Progress committees,progress committee,high_impact_mappings,Corrected mapping to generic singular leaf
Local Jottings.,25 May 1889,Katoomba Times,Progress committees,progress committee,high_impact_mappings,Corrected mapping to generic singular leaf
Local Jottings.,21 September 1889,Katoomba Times,Progress committees,progress committee,high_impact_mappings,Corrected mapping to generic singular leaf
Mountain Mixtures.,29 April 1892,Katoomba Times,Progress committees,progress committee,high_impact_mappings,Corrected mapping to generic singular leaf
Mountain Mixtures.,4 May 1894,Katoomba Times,Progress committees,progress committee,high_impact_mappings,Corrected mapping to generic singular leaf
Lawson.,5 May 1894,Nepean Times,Progress committees,progress committee,high_impact_mappings,Corrected mapping to generic singular leaf
Brevities.,29 September 1916,Lithgow Mercury,Progress committees,progress committee,high_impact_mappings,Corrected mapping to generic singular leaf
Town Talk.,22 Jul 1904,Blue Mountain Gazette,Progress committees,progress committee,high_impact_mappings,Corrected mapping to generic singular leaf
Official,10 May 1895,Mountaineer,Progress committees,progress committee,high_impact_mappings,Corrected mapping to generic singular leaf
Mountain Mixtures.,3 November 1893,Katoomba Times,Progress committees,progress committee,high_impact_mappings,Corrected mapping to generic singular leaf
Mountain Mixtures,14 July 1893,Katoomba Times,Progress committees,progress committee,high_impact_mappings,Corrected mapping to generic singular leaf
Hartley Vale.,16 October 1891,Katoomba Times,Progress committees,progress committee,high_impact_mappings,Corrected mapping to generic singular leaf
Katoomba.,28 January 1888,Nepean Times,Progress committees,progress committee,high_impact_mappings,Corrected mapping to generic singular leaf
Katoomba.,7 January 1888,Nepean Times,Progress committees,progress committee,high_impact_mappings,Corrected mapping to generic singular leaf
Katoomba.,29 September 1888,Nepean Times,Progress committees,progress committee,high_impact_mappings,Corrected mapping to generic singular leaf
Katoomba.,14 July 1888,Nepean Times,Progress committees,progress committee,high_impact_mappings,Corrected mapping to generic singular leaf
Katoomba.,19 December 1885,Nepean Times,Progress committees,progress committee,high_impact_mappings,Corrected mapping to generic singular leaf
Megalong Matters.,10 January 1896,Mountaineer,Progress committees,progress committee,high_impact_mappings,Corrected mapping to generic singular leaf
Megalong Notes.,2 May 1902,Mountaineer,Progress committees,progress committee,high_impact_mappings,Corrected mapping to generic singular leaf
News in Brief,9 October 1903,Mountaineer,Tourism,tourism,high_impact_mappings,Corrected mapping to generic singular leaf
Town Talk.,13 March 1903,Blue Mountain Gazette,Tourism,tourism,high_impact_mappings,Corrected mapping to generic singular leaf
Mountain Mixtures.,23 March 1894,Katoomba Times,Tourism,tourism,high_impact_mappings,Corrected mapping to generic singular leaf
Town Talk.,30 October 1903,Blue Mountain Gazette,Tourism,tourism,high_impact_mappings,Corrected mapping to generic singular leaf
Local Jottings.,21 September 1889,Katoomba Times,Tourism,tourism,high_impact_mappings,Corrected mapping to generic singular leaf
Mountain Mixtures.,20 November 1891,Katoomba Times,Tourism,tourism,high_impact_mappings,Corrected mapping to generic singular leaf
Mountain Mixtures.,29 April 1892,Katoomba Times,Tourism,tourism,high_impact_mappings,Corrected mapping to generic singular leaf
News in Brief.,1 September 1905,Mountaineer,Tourism,tourism,high_impact_mappings,Corrected mapping to generic singular leaf
Blue Mountains Railway Tourist Guide,1890s,,Tourism,tourism,high_impact_mappings,Corrected mapping to generic singular leaf
Mountain Mixtures.,4 May 1894,Katoomba Times,Tourism,tourism,high_impact_mappings,Corrected mapping to generic singular leaf
Town Talk.,2 October 1903,Blue Mountain Gazette,Tourism,tourism,high_impact_mappings,Corrected mapping to generic singular leaf
Katoomba Items.,11 November 1897,Evening News,Tourism,tourism,high_impact_mappings,Corrected mapping to generic singular leaf
Mountain Mixtures.,29 December 1893,Katoomba Times,Tourism,tourism,high_impact_mappings,Corrected mapping to generic singular leaf
Mountain Mixtures.,18 November 1892,Katoomba Times,Tourism,tourism,high_impact_mappings,Corrected mapping to generic singular leaf
Mountain Mixtures.,11 March 1892,Katoomba Times,Tourism,tourism,high_impact_mappings,Corrected mapping to generic singular leaf
Local News.,6 September 1890,Nepean Times,Tourism,tourism,high_impact_mappings,Corrected mapping to generic singular leaf
Katoomba.,7 January 1888,Nepean Times,Tourism,tourism,high_impact_mappings,Corrected mapping to generic singular leaf
Katoomba.,29 September 1888,Nepean Times,Tourism,tourism,high_impact_mappings,Corrected mapping to generic singular leaf
Katoomba.,24 February 1883,Nepean Times,Tourism,tourism,high_impact_mappings,Corrected mapping to generic singular leaf
Tourist Sketch Map showing pathways at Nelly's Glen or Megalong Pass,1909,,Tourism,tourism,high_impact_mappings,Corrected mapping to generic singular leaf
Katoomba Items.,28 April 1899,Lithgow Mercury,Unemployment,unemployment,high_impact_mappings,Corrected mapping to generic singular leaf
Town Talk.,30 October 1903,Blue Mountain Gazette,Unemployment,unemployment,high_impact_mappings,Corrected mapping to generic singular leaf
Concert in Aid of Katoomba Miners' Families.,4 May 1894,Katoomba Times,Unemployment,unemployment,high_impact_mappings,Corrected mapping to generic singular leaf
Lawson.,5 May 1894,Nepean Times,Unemployment,unemployment,high_impact_mappings,Corrected mapping to generic singular leaf
The Unemployed at Katoomba.,17 April 1894,Daily Telegraph,Unemployment,unemployment,high_impact_mappings,Corrected mapping to generic singular leaf
[untitled],22 January 1906,Evening News,Unemployment,unemployment,high_impact_mappings,Corrected mapping to generic singular leaf
Local and General,7 July 1905,Mountaineer,Unemployment,unemployment,high_impact_mappings,Corrected mapping to generic singular leaf
Katoomba. Rumour About Work At The Mines.,23 May 1905,Lithgow Mercury,Unemployment,unemployment,high_impact_mappings,Corrected mapping to generic singular leaf
The Katoomba Mines.,24 November 1903,Lithgow Mercury,Unemployment,unemployment,high_impact_mappings,Corrected mapping to generic singular leaf
The Katoomba Shale Mine. Closing Down.,14 July 1903,Lithgow Mercury,Unemployment,unemployment,high_impact_mappings,Corrected mapping to generic singular leaf
Work at the Mines.,17 April 1903,Blue Mountain Gazette,Unemployment,unemployment,high_impact_mappings,Corrected mapping to generic singular leaf
The Katoomba Mines.,20 March 1903,Blue Mountain Gazette,Unemployment,unemployment,high_impact_mappings,Corrected mapping to generic singular leaf
Our Coal and Shale Mines.,9 January 1903,Blue Mountain Gazette,Unemployment,unemployment,high_impact_mappings,Corrected mapping to generic singular leaf
The Katoomba Shale Mine.,6 January 1903,Lithgow Mercury,Unemployment,unemployment,high_impact_mappings,Corrected mapping to generic singular leaf
[untitled],4 Novemeber 1895,Evening News,Unemployment,unemployment,high_impact_mappings,Corrected mapping to generic singular leaf
Brevities.,6 April 1894,Evening News,Unemployment,unemployment,high_impact_mappings,Corrected mapping to generic singular leaf
Brevities.,7 September 1889,Nepean Times,Unemployment,unemployment,high_impact_mappings,Corrected mapping to generic singular leaf
Katoomba. Mine Operations Suspended.,27 May 1904,Lithgow Mercury,Unemployment,unemployment,high_impact_mappings,Corrected mapping to generic singular leaf
Katoomba.,20 August 1901,Lithgow Mercury,Unemployment,unemployment,high_impact_mappings,Corrected mapping to generic singular leaf
News in Brief,9 October 1903,Mountaineer,Licensing,licensing,high_impact_mappings,Corrected mapping to generic singular leaf
Mountain Mixtures.,7 July 1893,Katoomba Times,Licensing,licensing,high_impact_mappings,Corrected mapping to generic singular leaf
Megalong Valley.,6 October 1893,Katoomba Times,Licensing,licensing,high_impact_mappings,Corrected mapping to generic singular leaf
Granted,26 March 1892,Nepean Times,Licensing,licensing,high_impact_mappings,Corrected mapping to generic singular leaf
Mountain Mixtures.,23 June 1893,Katoomba Times,Licensing,licensing,high_impact_mappings,Corrected mapping to generic singular leaf
Town Talk.,30 October 1903,Blue Mountain Gazette,Licensing,licensing,high_impact_mappings,Corrected mapping to generic singular leaf
Mountain Mixtures.,29 April 1892,Katoomba Times,Licensing,licensing,high_impact_mappings,Corrected mapping to generic singular leaf
Lithgow Licensing Court.,19 June 1900,Lithgow Mercury,Licensing,licensing,high_impact_mappings,Corrected mapping to generic singular leaf
Notice of Application for a Publican's Licence,19 June 1896,Mountaineer,Licensing,licensing,high_impact_mappings,Corrected mapping to generic singular leaf
Mountain Mixtures,14 July 1893,Katoomba Times,Licensing,licensing,high_impact_mappings,Corrected mapping to generic singular leaf
Licensing.,7 July 1893,Katoomba Times,Licensing,licensing,high_impact_mappings,Corrected mapping to generic singular leaf
Local and General,8 July 1893,Nepean Times,Licensing,licensing,high_impact_mappings,Corrected mapping to generic singular leaf
Katoomba Court.,16 June 1893,Katoomba Times,Licensing,licensing,high_impact_mappings,Corrected mapping to generic singular leaf
Licensing.,1 October 1892,Nepean Times,Licensing,licensing,high_impact_mappings,Corrected mapping to generic singular leaf
Mountain Mixtures.,11 March 1892,Katoomba Times,Licensing,licensing,high_impact_mappings,Corrected mapping to generic singular leaf
Katoomba Court.,17 March 1893,Katoomba Times,Licensing,licensing,high_impact_mappings,Corrected mapping to generic singular leaf
Megalong Valley.,27 October 1893,Katoomba Times,Licensing,licensing,high_impact_mappings,Corrected mapping to generic singular leaf
Notice of Application for a Conditional Publican's Licence,9 June 1893,Katoomba Times,Licensing,licensing,high_impact_mappings,Corrected mapping to generic singular leaf
Megalong Valley.,23 June 1893,,Licensing,licensing,high_impact_mappings,Corrected mapping to generic singular leaf
Mountain Mixtures.,21 October 1892,Katoomba Times,Horses,horses,high_impact_mappings,Corrected mapping to generic singular leaf
Megalong Matters.,26 August 1892,Katoomba Times,Horses,horses,high_impact_mappings,Corrected mapping to generic singular leaf
Town Talk.,13 May 1904,Blue Mountain Gazette,Horses,horses,high_impact_mappings,Corrected mapping to generic singular leaf
Town Talk.,13 March 1903,Blue Mountain Gazette,Horses,horses,high_impact_mappings,Corrected mapping to generic singular leaf
Mountain Mixtures.,4 December 1891,Katoomba Times,Horses,horses,high_impact_mappings,Corrected mapping to generic singular leaf
Mountain Mixtures.,23 June 1893,Katoomba Times,Horses,horses,high_impact_mappings,Corrected mapping to generic singular leaf
Town Talk.,30 October 1903,Blue Mountain Gazette,Horses,horses,high_impact_mappings,Corrected mapping to generic singular leaf
Local Jottings.,25 May 1889,Katoomba Times,Horses,horses,high_impact_mappings,Corrected mapping to generic singular leaf
Mountain Mixtures.,20 November 1891,Katoomba Times,Horses,horses,high_impact_mappings,Corrected mapping to generic singular leaf
Mountain Mixtures.,29 April 1892,Katoomba Times,Horses,horses,high_impact_mappings,Corrected mapping to generic singular leaf
[untitled],29 June 1889,Katoomba Times,Horses,horses,high_impact_mappings,Corrected mapping to generic singular leaf
Local and General,7 July 1905,Mountaineer,Horses,horses,high_impact_mappings,Corrected mapping to generic singular leaf
Katoomba Police Court,13 December 1895,Mountaineer,Horses,horses,high_impact_mappings,Corrected mapping to generic singular leaf
Megalong Valley.,15 September 1893,Katoomba Times,Horses,horses,high_impact_mappings,Corrected mapping to generic singular leaf
Mountain Mixtures.,3 November 1893,Katoomba Times,Horses,horses,high_impact_mappings,Corrected mapping to generic singular leaf
Mountain Mixtures.,25 November 1892,Katoomba Times,Horses,horses,high_impact_mappings,Corrected mapping to generic singular leaf
Accident in Nellie's Glen.,27 July 1889,Katoomba Times,Horses,horses,high_impact_mappings,Corrected mapping to generic singular leaf
Megalong Matters.,10 January 1896,Mountaineer,Horses,horses,high_impact_mappings,Corrected mapping to generic singular leaf
Megalong Valley.,23 June 1893,,Horses,horses,high_impact_mappings,Corrected mapping to generic singular leaf
Bulli and Woonona.,31 July 1909,South Coast Times and Wollongong Argus,Charity,charity,high_impact_mappings,Corrected mapping to generic singular leaf
Katoomba Items.,28 April 1899,Lithgow Mercury,Charity,charity,high_impact_mappings,Corrected mapping to generic singular leaf
Local Jottings.,26 April 1890,Katoomba Times,Charity,charity,high_impact_mappings,Corrected mapping to generic singular leaf
Town Talk.,13 March 1903,Blue Mountain Gazette,Charity,charity,high_impact_mappings,Corrected mapping to generic singular leaf
Mountain Mixtures.,20 November 1891,Katoomba Times,Charity,charity,high_impact_mappings,Corrected mapping to generic singular leaf
Concert in Aid of Katoomba Miners' Families.,4 May 1894,Katoomba Times,Charity,charity,high_impact_mappings,Corrected mapping to generic singular leaf
Mountain Mixtures.,4 May 1894,Katoomba Times,Charity,charity,high_impact_mappings,Corrected mapping to generic singular leaf
Brevities.,10 April 1894,Evening News,Charity,charity,high_impact_mappings,Corrected mapping to generic singular leaf
Lawson.,5 May 1894,Nepean Times,Charity,charity,high_impact_mappings,Corrected mapping to generic singular leaf
Summary,27 February 1890,Australian Star,Charity,charity,high_impact_mappings,Corrected mapping to generic singular leaf
The Unemployed at Katoomba.,17 April 1894,Daily Telegraph,Charity,charity,high_impact_mappings,Corrected mapping to generic singular leaf
District News.,19 September 1914,Newcastle Morning Herald and Miners' Advocate,Charity,charity,high_impact_mappings,Corrected mapping to generic singular leaf
A Public Meeting.,13 January 1905,Mountaineer,Charity,charity,high_impact_mappings,Corrected mapping to generic singular leaf
Town Talk.,22 Jul 1904,Blue Mountain Gazette,Charity,charity,high_impact_mappings,Corrected mapping to generic singular leaf
Current News.,20 November 1899,Newcastle Morning Herald and Miners' Advocate,Charity,charity,high_impact_mappings,Corrected mapping to generic singular leaf
Mountain Mixtures,14 July 1893,Katoomba Times,Charity,charity,high_impact_mappings,Corrected mapping to generic singular leaf
Mountain Mixtures.,16 September 1892,Katoomba Times,Charity,charity,high_impact_mappings,Corrected mapping to generic singular leaf
Mountain Mixtures.,11 March 1892,Katoomba Times,Charity,charity,high_impact_mappings,Corrected mapping to generic singular leaf
Town Talk.,30 October 1903,Blue Mountain Gazette,Coal,coal,high_impact_mappings,Corrected mapping to generic singular leaf
Local Jottings.,21 September 1889,Katoomba Times,Coal,coal,high_impact_mappings,Corrected mapping to generic singular leaf
John Britty North.,6 March 1909,Blue Mountain Echo,Coal,coal,high_impact_mappings,Corrected mapping to generic singular leaf
New South Wales Railway Enquiry,13 December 1905,Advertiser,Coal,coal,high_impact_mappings,Corrected mapping to generic singular leaf
Town Talk.,26 August 1904,Blue Mountain Gazette,Coal,coal,high_impact_mappings,Corrected mapping to generic singular leaf
The Katoomba Mines.,24 November 1903,Lithgow Mercury,Coal,coal,high_impact_mappings,Corrected mapping to generic singular leaf
The Katoomba Mines.,20 March 1903,Blue Mountain Gazette,Coal,coal,high_impact_mappings,Corrected mapping to generic singular leaf
Mining Matters.,25 February 1903,Maitland Daily Mercury,Coal,coal,high_impact_mappings,Corrected mapping to generic singular leaf
Our Coal and Shale Mines.,9 January 1903,Blue Mountain Gazette,Coal,coal,high_impact_mappings,Corrected mapping to generic singular leaf
Katoomba Coal.,14 May 1901,Evening News,Coal,coal,high_impact_mappings,Corrected mapping to generic singular leaf
Katoomba Coal and Shale Mines.,7 June 1895,Mountaineer,Coal,coal,high_impact_mappings,Corrected mapping to generic singular leaf
Mountain Mixtures.,11 March 1892,Katoomba Times,Coal,coal,high_impact_mappings,Corrected mapping to generic singular leaf
Local News.,6 September 1890,Nepean Times,Coal,coal,high_impact_mappings,Corrected mapping to generic singular leaf
Rich Mineral Deposits.,29 October 1889,Australian Star,Coal,coal,high_impact_mappings,Corrected mapping to generic singular leaf
"Opening of the Gladstone Coal-Mine, Katoomba.",13 July 1885,Sydney Morning Herald,Coal,coal,high_impact_mappings,Corrected mapping to generic singular leaf
Great Wentworth Falls Coal and Shale Mining Company.,31 August 1885,Evening News,Coal,coal,high_impact_mappings,Corrected mapping to generic singular leaf
Katoomba.,24 February 1883,Nepean Times,Coal,coal,high_impact_mappings,Corrected mapping to generic singular leaf
Of the Country in the Vicinity of Katoomba Showing the position of Coal and Kerosene Shale Mines,1901,,Coal,coal,high_impact_mappings,Corrected mapping to generic singular leaf
News in Brief,9 October 1903,Mountaineer,Concerts,concert,high_impact_mappings,Corrected mapping to generic singular leaf
Mountain Mixtures.,7 July 1893,Katoomba Times,Concerts,concert,high_impact_mappings,Corrected mapping to generic singular leaf
Mountain Mixtures.,21 October 1892,Katoomba Times,Concerts,concert,high_impact_mappings,Corrected mapping to generic singular leaf
Local Jottings.,19 July 1890,Katoomba Times,Concerts,concert,high_impact_mappings,Corrected mapping to generic singular leaf
Town Talk.,13 March 1903,Blue Mountain Gazette,Concerts,concert,high_impact_mappings,Corrected mapping to generic singular leaf
Mountain Mixtures.,23 March 1894,Katoomba Times,Concerts,concert,high_impact_mappings,Corrected mapping to generic singular leaf
Mountain Mixtures.,23 June 1893,Katoomba Times,Concerts,concert,high_impact_mappings,Corrected mapping to generic singular leaf
Mountain Mixtures.,16 June 1893,Katoomba Times,Concerts,concert,high_impact_mappings,Corrected mapping to generic singular leaf
Town Talk.,30 October 1903,Blue Mountain Gazette,Concerts,concert,high_impact_mappings,Corrected mapping to generic singular leaf
Mountain Mixtures.,20 November 1891,Katoomba Times,Concerts,concert,high_impact_mappings,Corrected mapping to generic singular leaf
Mountain Mixtures.,29 April 1892,Katoomba Times,Concerts,concert,high_impact_mappings,Corrected mapping to generic singular leaf
Concert in Aid of Katoomba Miners' Families.,4 May 1894,Katoomba Times,Concerts,concert,high_impact_mappings,Corrected mapping to generic singular leaf
Mountain Mixtures.,4 May 1894,Katoomba Times,Concerts,concert,high_impact_mappings,Corrected mapping to generic singular leaf
[untitled],29 June 1889,Katoomba Times,Concerts,concert,high_impact_mappings,Corrected mapping to generic singular leaf
Brevities.,29 September 1916,Lithgow Mercury,Concerts,concert,high_impact_mappings,Corrected mapping to generic singular leaf
Katoomba.,19 January 1906,Lithgow Mercury,Concerts,concert,high_impact_mappings,Corrected mapping to generic singular leaf
Local and General,7 July 1905,Mountaineer,Concerts,concert,high_impact_mappings,Corrected mapping to generic singular leaf
Katoomba. Rumour About Work At The Mines.,23 May 1905,Lithgow Mercury,Concerts,concert,high_impact_mappings,Corrected mapping to generic singular leaf
Town Talk.,2 October 1903,Blue Mountain Gazette,Concerts,concert,high_impact_mappings,Corrected mapping to generic singular leaf
The Rockley Game.,18 March 1898,Mountaineer,Concerts,concert,high_impact_mappings,Corrected mapping to generic singular leaf
Mountain Mixtures.,29 December 1893,Katoomba Times,Concerts,concert,high_impact_mappings,Corrected mapping to generic singular leaf
Mountain Mixtures.,5 May 1893,Katoomba Times,Concerts,concert,high_impact_mappings,Corrected mapping to generic singular leaf
Concert at the Mines.,2 June 1893,Katoomba Times,Concerts,concert,high_impact_mappings,Corrected mapping to generic singular leaf
Mountain Mixtures.,3 March 1893,Katoomba Times,Concerts,concert,high_impact_mappings,Corrected mapping to generic singular leaf
Mountain Mixtures.,16 September 1892,Katoomba Times,Concerts,concert,high_impact_mappings,Corrected mapping to generic singular leaf
Mountain Mixtures.,11 March 1892,Katoomba Times,Concerts,concert,high_impact_mappings,Corrected mapping to generic singular leaf
Hartley Vale.,16 October 1891,Katoomba Times,Concerts,concert,high_impact_mappings,Corrected mapping to generic singular leaf
Opening of the Mines School of Arts.,5 September 1891,Katoomba Times,Concerts,concert,high_impact_mappings,Corrected mapping to generic singular leaf
Megalong Valley.,14 July 1893,Katoomba Times,Concerts,concert,high_impact_mappings,Corrected mapping to generic singular leaf
Mountain Mixtures.,7 July 1893,Katoomba Times,Dances,dance,high_impact_mappings,Corrected mapping to generic singular leaf
Town Talk.,13 May 1904,Blue Mountain Gazette,Dances,dance,high_impact_mappings,Corrected mapping to generic singular leaf
Jottings.,23 May 1891,Katoomba Times,Dances,dance,high_impact_mappings,Corrected mapping to generic singular leaf
Social at Hartley Vale.,23 September 1898,Lithgow Mercury,Dances,dance,high_impact_mappings,Corrected mapping to generic singular leaf
Town Talk.,13 March 1903,Blue Mountain Gazette,Dances,dance,high_impact_mappings,Corrected mapping to generic singular leaf
Moutains Mixtures.,17 November 1893,Katoomba Times,Dances,dance,high_impact_mappings,Corrected mapping to generic singular leaf
Hartley Vale.,13 February 1911,Lithgow Mercury,Dances,dance,high_impact_mappings,Corrected mapping to generic singular leaf
Megalong Matters.,5 June 1896,Mountaineer,Dances,dance,high_impact_mappings,Corrected mapping to generic singular leaf
Mountain Mixtures.,23 June 1893,Katoomba Times,Dances,dance,high_impact_mappings,Corrected mapping to generic singular leaf
Mountain Mixtures.,30 June 1893,Katoomba Times,Dances,dance,high_impact_mappings,Corrected mapping to generic singular leaf
Katoomba.,19 January 1906,Lithgow Mercury,Dances,dance,high_impact_mappings,Corrected mapping to generic singular leaf
Katoomba. Rumour About Work At The Mines.,23 May 1905,Lithgow Mercury,Dances,dance,high_impact_mappings,Corrected mapping to generic singular leaf
Town Talk.,26 August 1904,Blue Mountain Gazette,Dances,dance,high_impact_mappings,Corrected mapping to generic singular leaf
Police Court.,8 January 1904,Blue Mountain Gazette,Dances,dance,high_impact_mappings,Corrected mapping to generic singular leaf
Town Talk.,2 October 1903,Blue Mountain Gazette,Dances,dance,high_impact_mappings,Corrected mapping to generic singular leaf
The Rockley Game.,18 March 1898,Mountaineer,Dances,dance,high_impact_mappings,Corrected mapping to generic singular leaf
Mountain Mixtures.,29 December 1893,Katoomba Times,Dances,dance,high_impact_mappings,Corrected mapping to generic singular leaf
Mountain Mixtures.,3 November 1893,Katoomba Times,Dances,dance,high_impact_mappings,Corrected mapping to generic singular leaf
Mountain Mixtures,14 July 1893,Katoomba Times,Dances,dance,high_impact_mappings,Corrected mapping to generic singular leaf
Mountain Mixtures.,5 May 1893,Katoomba Times,Dances,dance,high_impact_mappings,Corrected mapping to generic singular leaf
Mountain Mixtures.,10 February 1893,Katoomba Times,Dances,dance,high_impact_mappings,Corrected mapping to generic singular leaf
Mountain Mixtures.,3 March 1893,Katoomba Times,Dances,dance,high_impact_mappings,Corrected mapping to generic singular leaf
Katoomba Athletic Sports.,12 December 1885,Nepean Times,Dances,dance,high_impact_mappings,Corrected mapping to generic singular leaf
Megalong Matters,28 Oct 1892,Katoomba Times,Dances,dance,high_impact_mappings,Corrected mapping to generic singular leaf
Katoomba.,21 April 1903,Lithgow Mercury,Dances,dance,high_impact_mappings,Corrected mapping to generic singular leaf
Megalong Valley.,14 July 1893,Katoomba Times,Dances,dance,high_impact_mappings,Corrected mapping to generic singular leaf
Local Jottings.,19 July 1890,Katoomba Times,Colliery,coal mine,high_impact_mappings,Corrected mapping to generic singular leaf
The Collieries and Big-Head Mines of New South Wales,1887,,Colliery,coal mine,high_impact_mappings,Corrected mapping to generic singular leaf
New South Wales Railway Enquiry,13 December 1905,Advertiser,Colliery,coal mine,high_impact_mappings,Corrected mapping to generic singular leaf
Mountain Industries.,7 April 1903,Evening News,Colliery,coal mine,high_impact_mappings,Corrected mapping to generic singular leaf
Mountain Mixtures.,21 October 1892,Katoomba Times,Druid's Lodge,Druid's Lodge (local lodge),high_impact_mappings,Corrected mapping to generic singular leaf
Jottings.,23 May 1891,Katoomba Times,Druid's Lodge,Druid's Lodge (local lodge),high_impact_mappings,Corrected mapping to generic singular leaf
Mountain Mixtures.,2 June 1893,Katoomba Times,Druid's Lodge,Druid's Lodge (local lodge),high_impact_mappings,Corrected mapping to generic singular leaf
Mountain Mixtures.,17 June 1892,Katoomba Times,Druid's Lodge,Druid's Lodge (local lodge),high_impact_mappings,Corrected mapping to generic singular leaf
Girls Cricket Match at Katoomba.,26 April 1895,Mountaineer,Girls' cricket,cricket | women | adolescents,high_impact_mappings,Corrected mapping to generic singular leaf
The Rockley Game.,7 February 1896,Mountaineer,Girls' cricket,cricket | women | adolescents,high_impact_mappings,Corrected mapping to generic singular leaf
Mountain Mixtures.,23 March 1894,Katoomba Times,Katoomba South mines,Katoomba South | coal mine,high_impact_mappings,Corrected mapping to generic singular leaf
Lost in the Mine.,17 April 1903,Mountaineer,Katoomba South mines,Katoomba South | coal mine,high_impact_mappings,Corrected mapping to generic singular leaf
Katoomba South Mines.,9 December 1902,Lithgow Mercury,Katoomba South mines,Katoomba South | coal mine,high_impact_mappings,Corrected mapping to generic singular leaf
The Muont (sic) Kembla Disaster.,8 August 1902,Mountaineer,Katoomba South mines,Katoomba South | coal mine,high_impact_mappings,Corrected mapping to generic singular leaf
Mountain Mixtures.,11 March 1892,Katoomba Times,Katoomba South mines,Katoomba South | coal mine,high_impact_mappings,Corrected mapping to generic singular leaf
Miners' Striek at Katoomba South.,14 July 1891,Sydney Morning Herald,Katoomba South mines,Katoomba South | coal mine,high_impact_mappings,Corrected mapping to generic singular leaf
Katoomba.,20 August 1901,Lithgow Mercury,Katoomba South mines,Katoomba South | coal mine,high_impact_mappings,Corrected mapping to generic singular leaf
The South Katoomba Mine.,1 March 1901,Lithgow Mercury,Katoomba South mines,Katoomba South | coal mine,high_impact_mappings,Corrected mapping to generic singular leaf
